ano,popularidade,lotacao,tipo_dia,mes,distancia_dias_anterior,genero_cluster
2023,79.0,8000.0,DIA UTIL,JULHO,-11.5,14.0
2022,69.0,3200.0,DIA UTIL,MARÇO,-81.5,0.0
2022,72.0,8000.0,DIA UTIL,JULHO,-167.66666666666666,Outros
2022,72.0,8000.0,DIA UTIL,JULHO,0.3333333333333333,Outros
2025,76.0,8000.0,DIA UTIL,AGOSTO,333.0,Outros
2023,77.0,8000.0,DIA UTIL,SETEMBRO,-143.25,9.0
2022,71.0,6000.0,FIM DE SEMANA,OUTUBRO,-174.5,Outros
2024,71.0,7500.0,FIM DE SEMANA,ABRIL,138.25,Outros
2022,62.0,34000.0,DIA UTIL,JUNHO,-651.0,3.0
2024,62.0,3000.0,FERIADO NACIONAL,MARÇO,216.33333333333331,3.0
2023,68.0,50000.0,DIA UTIL,NOVEMBRO,-125.25,14.0
2022,64.0,7452.542372881356,FIM DE SEMANA,NOVEMBRO,-357.0,11.0
2023,64.0,7200.0,DIA UTIL,ABRIL,53.0,11.0
2023,64.0,3000.0,FIM DE SEMANA,NOVEMBRO,206.5,11.0
2024,62.0,6900.0,DIA UTIL,MARÇO,-93.66666666666669,5.0
2025,62.0,8000.0,FIM DE SEMANA,MARÇO,94.75,5.0
2025,70.0,20000.0,DIA UTIL,NOVEMBRO,-0.5,8.0
2023,79.0,50000.0,DIA UTIL,MAIO,-119.4,2.0
2022,77.0,3000.0,DIA UTIL,FEVEREIRO,-552.0,8.0
2023,77.0,4000.0,DIA UTIL,FEVEREIRO,178.5,8.0
2025,77.0,25000.0,FIM DE SEMANA,JUNHO,214.75,8.0
2023,62.0,7800.0,DIA UTIL,NOVEMBRO,333.0,Outros
2023,80.0,90000.0,FIM DE SEMANA,AGOSTO,-145.6,10.0
2025,80.0,40000.0,FIM DE SEMANA,AGOSTO,46.66666666666666,10.0
2025,80.0,8500.0,FIM DE SEMANA,OUTUBRO,261.3333333333333,10.0
2022,72.0,8000.0,DIA UTIL,JUNHO,-31.33333333333333,11.0
2022,72.0,3850.0,FIM DE SEMANA,SETEMBRO,-38.8,11.0
2023,72.0,7000.0,FIM DE SEMANA,DEZEMBRO,180.66666666666663,11.0
2025,72.0,8000.0,DIA UTIL,JUNHO,183.66666666666663,11.0
2025,72.0,8000.0,FIM DE SEMANA,OUTUBRO,40.0,11.0
2025,72.0,8000.0,FIM DE SEMANA,OUTUBRO,0.3333333333333333,11.0
2024,71.0,31000.0,FIM DE SEMANA,MAIO,333.0,Outros
2024,71.0,31000.0,FIM DE SEMANA,MAIO,0.3333333333333333,Outros
2025,71.0,24000.0,DIA UTIL,NOVEMBRO,181.33333333333331,Outros
2025,71.0,24000.0,FIM DE SEMANA,NOVEMBRO,0.3333333333333333,Outros
2022,79.0,3000.0,FERIADO NACIONAL,MARÇO,-695.0,1.0
2022,79.0,50000.0,DIA UTIL,AGOSTO,-93.0,1.0
2023,79.0,7000.0,FERIADO NACIONAL,FEVEREIRO,178.5,1.0
2024,79.0,20000.0,FERIADO MUNICIPAL,JANEIRO,499.5,1.0
2024,79.0,25000.0,DIA UTIL,SETEMBRO,749.0,1.0
2022,66.0,7900.0,DIA UTIL,JUNHO,-725.0,0.0
2023,66.0,40000.0,FIM DE SEMANA,MAIO,162.5,0.0
2024,66.0,21188.0,FIM DE SEMANA,JUNHO,-34.8,0.0
2024,66.0,3200.0,FIM DE SEMANA,NOVEMBRO,126.5,0.0
2024,72.0,1222.0,DIA UTIL,MAIO,776.0,3.0
2024,72.0,1222.0,DIA UTIL,OUTUBRO,152.0,3.0
2023,75.0,30000.0,FIM DE SEMANA,AGOSTO,-101.66666666666669,9.0
2022,77.0,8000.0,FERIADO MUNICIPAL,SETEMBRO,249.75,Outros
2024,69.0,60000.0,FIM DE SEMANA,OUTUBRO,-0.2,Outros
2024,69.0,3200.0,DIA UTIL,OUTUBRO,-87.0,Outros
2023,77.0,46000.0,DIA UTIL,JANEIRO,-239.75,6.0
2023,77.0,45340.0,FIM DE SEMANA,JANEIRO,0.25,6.0
2022,70.0,3200.0,FIM DE SEMANA,MARÇO,-105.0,9.0
2022,70.0,3200.0,DIA UTIL,SETEMBRO,48.75,9.0
2023,70.0,7500.0,DIA UTIL,MAIO,15.666666666666666,9.0
2024,70.0,8000.0,DIA UTIL,JANEIRO,86.33333333333333,9.0
2024,70.0,7678.333333333333,DIA UTIL,AGOSTO,72.33333333333333,9.0
2025,70.0,6500.0,DIA UTIL,OUTUBRO,142.33333333333334,9.0
2024,76.0,60000.0,FIM DE SEMANA,OUTUBRO,35.0,0.0
2023,61.0,50000.0,FIM DE SEMANA,DEZEMBRO,-230.5,Outros
2024,63.0,3800.0,FIM DE SEMANA,NOVEMBRO,-362.0,3.0
2025,63.0,7000.0,FIM DE SEMANA,JUNHO,126.83333333333331,9.0
2025,63.0,7000.0,FIM DE SEMANA,JUNHO,0.1666666666666666,9.0
2024,60.0,6800.0,DIA UTIL,MARÇO,-85.42857142857143,9.0
2022,73.0,4000.0,DIA UTIL,SETEMBRO,-157.2,3.0
2022,60.0,8000.0,DIA UTIL,OUTUBRO,-49.5,Outros
2023,65.0,50000.0,FIM DE SEMANA,DEZEMBRO,499.5,Outros
2025,70.0,40000.0,FIM DE SEMANA,ABRIL,-40.5,1.0
2023,66.0,8000.0,DIA UTIL,MARÇO,-214.5,6.0
2025,72.0,7800.0,FIM DE SEMANA,NOVEMBRO,84.0,14.0
2022,74.0,34000.0,FIM DE SEMANA,JUNHO,-588.5,9.0
2023,74.0,2500.0,FIM DE SEMANA,JANEIRO,-513.0,9.0
2023,74.0,7500.0,FIM DE SEMANA,ABRIL,96.0,9.0
2025,74.0,8000.0,FIM DE SEMANA,JULHO,277.6666666666667,9.0
2022,63.0,3200.0,FIM DE SEMANA,OUTUBRO,-47.0,Outros
2024,61.0,5500.0,DIA UTIL,MARÇO,12.0,Outros
2022,69.0,3500.0,FIM DE SEMANA,NOVEMBRO,-218.4,14.0
2022,67.0,42000.0,FIM DE SEMANA,JUNHO,-1175.0,8.0
2025,67.0,2800.0,DIA UTIL,NOVEMBRO,999.0,Outros
2022,78.0,4000.0,DIA UTIL,DEZEMBRO,-0.5,0.0
2022,78.0,45000.0,FIM DE SEMANA,DEZEMBRO,-713.0,0.0
2024,78.0,3200.0,DIA UTIL,NOVEMBRO,499.5,0.0
2024,78.0,46572.0,FIM DE SEMANA,NOVEMBRO,0.5,0.0
2022,74.0,45000.0,FIM DE SEMANA,DEZEMBRO,-154.0,10.0
2023,74.0,90000.0,FIM DE SEMANA,AGOSTO,42.0,10.0
2024,91.0,80723.0,DIA UTIL,OUTUBRO,78.0,2.0
2024,91.0,80723.0,FIM DE SEMANA,OUTUBRO,0.2,2.0
2024,91.0,80724.0,DIA UTIL,OUTUBRO,0.6,2.0
2024,91.0,80723.0,DIA UTIL,OUTUBRO,0.2,2.0
2024,91.0,80723.0,FIM DE SEMANA,OUTUBRO,0.6,2.0
2024,91.0,80723.0,FIM DE SEMANA,OUTUBRO,0.2,2.0
2022,67.0,3200.0,FIM DE SEMANA,SETEMBRO,-26.0,0.0
2025,70.0,3200.0,DIA UTIL,SETEMBRO,5.0,3.0
2025,70.0,55000.0,DIA UTIL,SETEMBRO,46.0,3.0
2022,68.0,8000.0,DIA UTIL,MAIO,-73.66666666666667,11.0
2022,68.0,12000.0,FIM DE SEMANA,MAIO,4.0,11.0
2022,68.0,8000.0,DIA UTIL,JUNHO,-167.28571428571428,11.0
2022,68.0,8000.0,FIM DE SEMANA,JUNHO,0.1428571428571428,11.0
2022,68.0,8000.0,DIA UTIL,NOVEMBRO,21.857142857142858,11.0
2022,68.0,8000.0,FIM DE SEMANA,NOVEMBRO,0.1428571428571428,11.0
2022,68.0,8000.0,FIM DE SEMANA,NOVEMBRO,0.1428571428571428,11.0
2023,68.0,8000.0,DIA UTIL,AGOSTO,135.5,11.0
2023,68.0,8000.0,FIM DE SEMANA,AGOSTO,0.5,11.0
2023,68.0,8000.0,FIM DE SEMANA,NOVEMBRO,45.5,11.0
2023,68.0,8000.0,DIA UTIL,NOVEMBRO,1.0,11.0
2025,67.0,20000.0,DIA UTIL,NOVEMBRO,811.0,8.0
2024,66.0,4000.0,DIA UTIL,JULHO,-397.0,8.0
2024,66.0,3000.0,FIM DE SEMANA,NOVEMBRO,131.0,8.0
2025,66.0,15000.0,FIM DE SEMANA,AGOSTO,0.0,8.0
2022,64.0,8000.0,FIM DE SEMANA,MARÇO,-31.0,9.0
2022,64.0,2000.0,FIM DE SEMANA,MAIO,-399.3333333333333,9.0
2022,64.0,8000.0,DIA UTIL,NOVEMBRO,78.66666666666667,9.0
2024,64.0,8000.0,FIM DE SEMANA,JUNHO,147.25,9.0
2024,64.0,8000.0,FIM DE SEMANA,JUNHO,0.25,9.0
2025,64.0,8000.0,DIA UTIL,NOVEMBRO,167.33333333333334,9.0
2025,64.0,7500.0,FIM DE SEMANA,NOVEMBRO,0.3333333333333333,9.0
2023,71.0,50000.0,FIM DE SEMANA,DEZEMBRO,46.0,6.0
2023,66.0,3200.0,FIM DE SEMANA,DEZEMBRO,-496.0,1.0
2024,66.0,2557.894736842105,FIM DE SEMANA,DEZEMBRO,364.0,1.0
2025,66.0,2700.0,FIM DE SEMANA,AGOSTO,238.0,1.0
2025,63.0,40000.0,FIM DE SEMANA,ABRIL,-0.3333333333333333,10.0
2022,83.0,1000.0,DIA UTIL,NOVEMBRO,499.5,Outros
2023,80.0,25000.0,FIM DE SEMANA,MAIO,-1.0,3.0
2023,80.0,3200.0,DIA UTIL,MAIO,-89.0,3.0
2025,80.0,8800.0,FIM DE SEMANA,NOVEMBRO,229.25,3.0
2023,63.0,4000.0,FIM DE SEMANA,MARÇO,-156.33333333333334,11.0
2023,63.0,4000.0,FIM DE SEMANA,MARÇO,0.1666666666666666,11.0
2023,63.0,4000.0,FIM DE SEMANA,MARÇO,3.333333333333333,11.0
2023,63.0,4000.0,DIA UTIL,MARÇO,0.8333333333333334,11.0
2023,63.0,4000.0,FERIADO NACIONAL,ABRIL,1.3333333333333333,11.0
2022,68.0,8000.0,FIM DE SEMANA,FEVEREIRO,-100.33333333333331,13.0
2022,68.0,8000.0,DIA UTIL,FEVEREIRO,1.6666666666666667,13.0
2022,68.0,45000.0,FIM DE SEMANA,DEZEMBRO,98.66666666666669,13.0
2023,68.0,8000.0,DIA UTIL,JUNHO,-198.0,13.0
2023,68.0,8000.0,FIM DE SEMANA,JUNHO,0.25,13.0
2024,68.0,47500.0,DIA UTIL,JUNHO,188.33333333333331,13.0
2025,68.0,45000.0,FIM DE SEMANA,AGOSTO,211.0,13.0
2025,68.0,8000.0,DIA UTIL,NOVEMBRO,293.6666666666667,13.0
2025,68.0,8000.0,FIM DE SEMANA,NOVEMBRO,0.3333333333333333,13.0
2024,88.0,49937.0,FIM DE SEMANA,DEZEMBRO,68.0,2.0
2024,88.0,49937.0,FIM DE SEMANA,DEZEMBRO,0.25,2.0
2023,85.0,3900.0,DIA UTIL,MARÇO,499.5,Outros
2022,61.0,34000.0,FIM DE SEMANA,JUNHO,-232.0,8.0
2023,61.0,20000.0,FIM DE SEMANA,FEVEREIRO,77.0,8.0
2023,61.0,17000.0,FERIADO NACIONAL,JUNHO,-231.0,8.0
2023,61.0,50000.0,FIM DE SEMANA,JUNHO,2.0,8.0
2024,61.0,20000.0,FERIADO MUNICIPAL,JANEIRO,177.5,8.0
2024,61.0,7000.0,DIA UTIL,ABRIL,304.0,8.0
2025,61.0,8000.0,FIM DE SEMANA,SETEMBRO,107.2,8.0
2023,66.0,3200.0,DIA UTIL,JULHO,-420.0,Outros
2023,89.0,73275.0,DIA UTIL,MARÇO,-136.75,6.0
2023,89.0,73275.0,FIM DE SEMANA,MARÇO,0.25,6.0
2023,89.0,73275.0,DIA UTIL,MARÇO,0.5,6.0
2023,89.0,73276.0,DIA UTIL,MARÇO,0.25,6.0
2023,89.0,73275.0,DIA UTIL,MARÇO,0.75,6.0
2023,89.0,73275.0,FIM DE SEMANA,MARÇO,0.25,6.0
2022,61.0,3200.0,FIM DE SEMANA,ABRIL,-265.5,9.0
2022,61.0,3200.0,FIM DE SEMANA,MAIO,7.5,9.0
2022,61.0,6400.0,FIM DE SEMANA,SETEMBRO,-546.5,9.0
2024,61.0,3200.0,FIM DE SEMANA,JULHO,398.5,9.0
2025,61.0,7000.0,DIA UTIL,AGOSTO,356.6666666666667,9.0
2025,73.0,4000.0,DIA UTIL,NOVEMBRO,219.6,3.0
2022,63.0,7000.0,DIA UTIL,DEZEMBRO,-195.2,13.0
2023,63.0,7000.0,FIM DE SEMANA,MAIO,28.8,13.0
2023,63.0,7000.0,DIA UTIL,MAIO,1.0,13.0
2025,63.0,45000.0,FIM DE SEMANA,AGOSTO,123.66666666666669,13.0
2025,73.0,2800.0,DIA UTIL,OUTUBRO,999.0,Outros
2024,66.0,7800.0,DIA UTIL,SETEMBRO,127.5,Outros
2023,70.0,30000.0,DIA UTIL,MARÇO,0.0,Outros
2022,79.0,8000.0,DIA UTIL,AGOSTO,-184.0,6.0
2022,79.0,8000.0,DIA UTIL,AGOSTO,0.5,6.0
2022,69.0,10000.0,FIM DE SEMANA,JANEIRO,-94.5,12.0
2022,69.0,3000.0,FIM DE SEMANA,FEVEREIRO,7.2,12.0
2022,69.0,10000.0,FIM DE SEMANA,JULHO,-571.0,12.0
2023,69.0,7000.0,FIM DE SEMANA,FEVEREIRO,356.0,12.0
2022,73.0,34000.0,DIA UTIL,JUNHO,0.0,Outros
2023,64.0,4000.0,FIM DE SEMANA,NOVEMBRO,999.0,Outros
2023,70.0,7850.0,DIA UTIL,SETEMBRO,-146.66666666666666,1.0
2022,61.0,10000.0,FIM DE SEMANA,OUTUBRO,-214.33333333333331,5.0
2024,61.0,0.0,FIM DE SEMANA,OUTUBRO,72.0,3.0
2024,65.0,64319.0,FIM DE SEMANA,SETEMBRO,22.5,12.0
2022,70.0,7700.0,FIM DE SEMANA,JUNHO,-20.8,11.0
2023,70.0,7000.0,FIM DE SEMANA,MAIO,87.5,11.0
2023,70.0,4200.0,FIM DE SEMANA,DEZEMBRO,-31.0,11.0
2024,70.0,8000.0,FIM DE SEMANA,MAIO,119.0,11.0
2024,70.0,7500.0,FIM DE SEMANA,MAIO,0.3333333333333333,11.0
2022,69.0,34000.0,FIM DE SEMANA,JUNHO,83.0,9.0
2025,69.0,7700.0,DIA UTIL,NOVEMBRO,1250.0,9.0
2022,87.0,0.0,DIA UTIL,MARÇO,-75.66666666666667,12.0
2022,63.0,3100.0,FIM DE SEMANA,OUTUBRO,249.75,Outros
2022,61.0,4000.0,DIA UTIL,AGOSTO,-314.0,Outros
2024,61.0,6900.0,FIM DE SEMANA,DEZEMBRO,167.4,Outros
2022,87.0,33921.0,DIA UTIL,SETEMBRO,-186.4,6.0
2025,87.0,62000.0,FIM DE SEMANA,NOVEMBRO,232.8,6.0
2023,65.0,20000.0,FIM DE SEMANA,FEVEREIRO,-317.0,8.0
2022,63.0,42000.0,FIM DE SEMANA,JUNHO,-1199.0,3.0
2023,60.0,8000.0,DIA UTIL,MAIO,-55.0,10.0
2023,60.0,10000.0,DIA UTIL,SETEMBRO,-31.666666666666668,10.0
2024,60.0,4000.0,DIA UTIL,MAIO,63.0,10.0
2022,70.0,45000.0,FIM DE SEMANA,DEZEMBRO,-183.33333333333331,13.0
2023,62.0,8000.0,DIA UTIL,JANEIRO,100.0,9.0
2023,62.0,7000.0,DIA UTIL,FEVEREIRO,7.0,9.0
2023,62.0,8000.0,FIM DE SEMANA,FEVEREIRO,0.6666666666666666,9.0
2024,72.0,7000.0,FIM DE SEMANA,SETEMBRO,-0.25,Outros
2024,72.0,44234.0,FIM DE SEMANA,SETEMBRO,249.75,Outros
2023,68.0,12000.0,FIM DE SEMANA,JANEIRO,999.0,Outros
2024,68.0,8000.0,DIA UTIL,NOVEMBRO,218.33333333333331,Outros
2023,76.0,40000.0,FIM DE SEMANA,OUTUBRO,199.8,Outros
2023,61.0,7200.0,DIA UTIL,ABRIL,-192.0,8.0
2022,76.0,10000.0,FIM DE SEMANA,JANEIRO,-434.5,1.0
2024,76.0,21188.0,FIM DE SEMANA,JUNHO,109.4,1.0
2025,76.0,48000.0,FIM DE SEMANA,OUTUBRO,1372.0,1.0
2022,78.0,34000.0,FIM DE SEMANA,JUNHO,-1176.0,9.0
2023,78.0,40000.0,FIM DE SEMANA,MAIO,161.0,9.0
2023,64.0,2639.0666666666666,DIA UTIL,NOVEMBRO,-548.0,3.0
2022,64.0,4000.0,FIM DE SEMANA,DEZEMBRO,999.0,Outros
2022,60.0,2900.0,DIA UTIL,JUNHO,-67.0,9.0
2023,60.0,2839.1304347826085,FIM DE SEMANA,SETEMBRO,224.5,9.0
2025,73.0,7500.0,FIM DE SEMANA,MAIO,249.75,Outros
2024,69.0,4000.0,DIA UTIL,NOVEMBRO,199.8,Outros
2025,60.0,2800.0,FIM DE SEMANA,MARÇO,186.66666666666663,14.0
2023,74.0,8000.0,DIA UTIL,SETEMBRO,124.5,Outros
2023,74.0,8000.0,DIA UTIL,SETEMBRO,0.25,Outros
2024,61.0,16406.0,FIM DE SEMANA,MAIO,199.8,Outros
2025,76.0,8000.0,DIA UTIL,MAIO,-40.5,3.0
2023,65.0,7700.0,DIA UTIL,SETEMBRO,90.75,11.0
2023,65.0,7900.0,DIA UTIL,SETEMBRO,0.25,11.0
2023,65.0,7500.0,FIM DE SEMANA,SETEMBRO,0.25,11.0
2025,65.0,40000.0,DIA UTIL,ABRIL,95.75,11.0
2025,65.0,40000.0,FIM DE SEMANA,ABRIL,0.25,11.0
2025,65.0,45382.0,DIA UTIL,ABRIL,3.25,11.0
2025,65.0,45382.0,FIM DE SEMANA,ABRIL,0.25,11.0
2025,65.0,50000.0,DIA UTIL,OUTUBRO,43.5,11.0
2025,65.0,50000.0,FIM DE SEMANA,OUTUBRO,0.25,11.0
2022,64.0,12000.0,FIM DE SEMANA,MAIO,-157.5,9.0
2022,64.0,10000.0,FIM DE SEMANA,OUTUBRO,51.333333333333336,9.0
2024,64.0,7850.0,DIA UTIL,MAIO,193.33333333333331,9.0
2024,64.0,7000.0,FIM DE SEMANA,MAIO,0.6666666666666666,9.0
2025,74.0,3200.0,DIA UTIL,MARÇO,999.0,Outros
2024,64.0,2465.0,FIM DE SEMANA,SETEMBRO,-18.33333333333333,Outros
2022,67.0,2000.0,DIA UTIL,FEVEREIRO,-676.5,1.0
2022,67.0,6500.0,FERIADO NACIONAL,MARÇO,3.1666666666666665,1.0
2022,67.0,26428.57142857143,FIM DE SEMANA,ABRIL,-11.333333333333334,1.0
2022,67.0,4000.0,FIM DE SEMANA,MAIO,-382.0,1.0
2022,67.0,20000.0,DIA UTIL,JUNHO,-197.33333333333331,1.0
2022,67.0,50000.0,DIA UTIL,AGOSTO,-86.66666666666667,1.0
2022,67.0,7838.0,DIA UTIL,SETEMBRO,-66.5,1.0
2023,67.0,20000.0,FIM DE SEMANA,FEVEREIRO,58.0,1.0
2023,67.0,40000.0,FIM DE SEMANA,MAIO,-256.3333333333333,1.0
2023,67.0,20000.0,FIM DE SEMANA,MAIO,209.5,1.0
2023,67.0,17000.0,DIA UTIL,JUNHO,6.5,1.0
2023,67.0,8000.0,DIA UTIL,NOVEMBRO,85.4,1.0
2024,67.0,40000.0,FIM DE SEMANA,JANEIRO,59.5,1.0
2024,67.0,21188.0,FIM DE SEMANA,JUNHO,22.33333333333333,1.0
2024,67.0,8000.0,FIM DE SEMANA,OUTUBRO,84.25,1.0
2025,67.0,8000.0,DIA UTIL,JUNHO,118.5,1.0
2023,64.0,8000.0,DIA UTIL,NOVEMBRO,96.75,Outros
2022,64.0,55000.0,DIA UTIL,MAIO,-171.0,14.0
2023,84.0,10000.0,FIM DE SEMANA,FEVEREIRO,-476.0,1.0
2024,84.0,21188.0,FIM DE SEMANA,JUNHO,-100.6,1.0
2024,84.0,8000.0,DIA UTIL,NOVEMBRO,211.33333333333331,1.0
2022,81.0,45032.0,FIM DE SEMANA,SETEMBRO,-226.8,14.0
2025,81.0,49107.0,FIM DE SEMANA,OUTUBRO,563.5,14.0
2022,72.0,10000.0,FIM DE SEMANA,JANEIRO,-679.0,10.0
2022,72.0,45000.0,FIM DE SEMANA,AGOSTO,-57.25,10.0
2023,72.0,7000.0,DIA UTIL,ABRIL,-313.3333333333333,10.0
2023,72.0,90000.0,FIM DE SEMANA,AGOSTO,114.8,10.0
2024,72.0,24000.0,FIM DE SEMANA,AGOSTO,121.33333333333331,10.0
2025,72.0,6000.0,FIM DE SEMANA,NOVEMBRO,268.3333333333333,10.0
2022,79.0,49250.0,FIM DE SEMANA,NOVEMBRO,-431.0,10.0
2024,79.0,80000.0,FIM DE SEMANA,DEZEMBRO,-7.0,10.0
2024,79.0,33921.0,FIM DE SEMANA,DEZEMBRO,378.0,10.0
2023,82.0,35000.0,FIM DE SEMANA,NOVEMBRO,117.6,6.0
2022,81.0,45670.0,DIA UTIL,DEZEMBRO,-506.5,6.0
2022,81.0,45669.0,DIA UTIL,DEZEMBRO,2.333333333333333,6.0
2022,81.0,45669.0,DIA UTIL,DEZEMBRO,0.3333333333333333,6.0
2022,61.0,8000.0,FIM DE SEMANA,OUTUBRO,-49.0,Outros
2022,61.0,8000.0,FIM DE SEMANA,OUTUBRO,0.25,Outros
2025,86.0,42959.0,FIM DE SEMANA,JULHO,199.8,10.0
2025,83.0,8000.0,DIA UTIL,MAIO,108.25,6.0
2023,73.0,25000.0,FIM DE SEMANA,MAIO,499.5,Outros
2023,86.0,49085.0,DIA UTIL,FEVEREIRO,166.5,14.0
2025,86.0,60000.0,DIA UTIL,OUTUBRO,488.0,14.0
2025,86.0,60000.0,FIM DE SEMANA,NOVEMBRO,0.5,14.0
2023,62.0,2500.0,DIA UTIL,NOVEMBRO,199.8,Outros
2025,70.0,8648.0,DIA UTIL,ABRIL,63.833333333333336,4.0
2024,63.0,2600.0,DIA UTIL,JUNHO,-80.0,Outros
2024,63.0,2573.0,FIM DE SEMANA,JUNHO,0.5,Outros
2022,73.0,56316.0,FIM DE SEMANA,SETEMBRO,-275.0,0.0
2024,73.0,43312.0,DIA UTIL,DEZEMBRO,199.8,0.0
2024,73.0,43000.0,FIM DE SEMANA,DEZEMBRO,0.2,0.0
2024,72.0,8000.0,DIA UTIL,JUNHO,104.6,9.0
2022,65.0,8000.0,FIM DE SEMANA,ABRIL,199.8,8.0
2022,65.0,20000.0,FERIADO NACIONAL,JUNHO,-395.0,8.0
2023,65.0,17000.0,FERIADO NACIONAL,JUNHO,-435.0,8.0
2023,65.0,30160.0,FIM DE SEMANA,SETEMBRO,78.5,8.0
2025,65.0,9000.0,DIA UTIL,AGOSTO,201.25,8.0
2025,65.0,10000.0,FIM DE SEMANA,OUTUBRO,189.0,8.0
2022,61.0,12000.0,FIM DE SEMANA,MAIO,-270.0,1.0
2022,61.0,10000.0,FIM DE SEMANA,DEZEMBRO,102.0,1.0
2023,61.0,40000.0,FIM DE SEMANA,NOVEMBRO,-339.5,1.0
2024,70.0,3000.0,DIA UTIL,NOVEMBRO,298.5,Outros
2023,75.0,8000.0,DIA UTIL,JANEIRO,249.75,Outros
2023,62.0,6124.0,DIA UTIL,MAIO,-25.75,9.0
2025,61.0,1500.0,DIA UTIL,NOVEMBRO,124.33333333333331,Outros
2025,71.0,2950.0,DIA UTIL,JULHO,291.5,6.0
2022,63.0,6000.0,DIA UTIL,MARÇO,-77.0,1.0
2022,63.0,46881.0,DIA UTIL,ABRIL,-1088.0,1.0
2022,63.0,8000.0,DIA UTIL,ABRIL,13.5,1.0
2022,63.0,8000.0,DIA UTIL,MAIO,-13.0,1.0
2022,63.0,4000.0,DIA UTIL,JUNHO,-289.0,1.0
2022,63.0,6500.0,DIA UTIL,JULHO,-108.0,1.0
2022,63.0,8000.0,FIM DE SEMANA,AGOSTO,39.5,1.0
2022,63.0,8000.0,FIM DE SEMANA,AGOSTO,3.0,1.0
2022,63.0,8000.0,DIA UTIL,NOVEMBRO,41.5,1.0
2024,63.0,50000.0,FIM DE SEMANA,JANEIRO,109.16666666666669,1.0
2024,63.0,47000.0,FIM DE SEMANA,JANEIRO,0.1666666666666666,1.0
2024,63.0,7000.0,FIM DE SEMANA,DEZEMBRO,432.5,1.0
2024,63.0,7000.0,FIM DE SEMANA,DEZEMBRO,0.5,1.0
2025,63.0,6800.0,FIM DE SEMANA,MARÇO,49.0,1.0
2023,64.0,8000.0,DIA UTIL,JULHO,249.75,Outros
2025,64.0,3900.0,FIM DE SEMANA,JULHO,121.66666666666669,Outros
2024,72.0,8000.0,DIA UTIL,ABRIL,-125.25,6.0
2022,75.0,2200.0,FIM DE SEMANA,MAIO,499.5,7.0
2023,75.0,20000.0,FIM DE SEMANA,ABRIL,114.66666666666669,7.0
2023,75.0,90000.0,FIM DE SEMANA,AGOSTO,22.2,7.0
2024,77.0,45000.0,DIA UTIL,ABRIL,-102.25,6.0
2022,81.0,3000.0,FERIADO NACIONAL,MARÇO,-305.5,10.0
2022,81.0,45000.0,FIM DE SEMANA,AGOSTO,-46.25,10.0
2022,81.0,45000.0,FIM DE SEMANA,DEZEMBRO,29.75,10.0
2023,81.0,7000.0,FERIADO NACIONAL,FEVEREIRO,178.5,10.0
2025,81.0,40000.0,FIM DE SEMANA,ABRIL,280.0,10.0
2025,81.0,40000.0,FIM DE SEMANA,ABRIL,0.3333333333333333,10.0
2022,64.0,10000.0,FIM DE SEMANA,OUTUBRO,-444.5,5.0
2023,65.0,8000.0,FIM DE SEMANA,OUTUBRO,-212.33333333333331,11.0
2024,65.0,7452.542372881356,FIM DE SEMANA,NOVEMBRO,199.5,11.0
2025,65.0,8000.0,FIM DE SEMANA,SETEMBRO,100.33333333333331,11.0
2022,64.0,2960.0,FIM DE SEMANA,SETEMBRO,-137.0,Outros
2023,64.0,3000.0,DIA UTIL,NOVEMBRO,249.75,Outros
2022,63.0,8000.0,FIM DE SEMANA,JULHO,-178.5,9.0
2023,63.0,7700.0,FIM DE SEMANA,MARÇO,122.5,9.0
2023,63.0,6000.0,FIM DE SEMANA,OUTUBRO,36.333333333333336,9.0
2024,63.0,30000.0,FIM DE SEMANA,JUNHO,-90.8,9.0
2022,66.0,7000.0,DIA UTIL,DEZEMBRO,-0.75,0.0
2022,66.0,45000.0,FIM DE SEMANA,DEZEMBRO,-853.0,0.0
2025,66.0,6500.0,FIM DE SEMANA,ABRIL,122.42857142857144,0.0
2022,70.0,3200.0,DIA UTIL,MARÇO,-442.6666666666667,3.0
2025,66.0,21000.0,FIM DE SEMANA,NOVEMBRO,377.0,3.0
2025,73.0,1940.0,FIM DE SEMANA,SETEMBRO,334.5,3.0
2025,71.0,2102.0,DIA UTIL,ABRIL,112.66666666666669,3.0
2023,72.0,48000.0,DIA UTIL,OUTUBRO,187.33333333333331,3.0
2023,72.0,48000.0,DIA UTIL,OUTUBRO,0.3333333333333333,3.0
2024,75.0,8000.0,FIM DE SEMANA,NOVEMBRO,6.0,14.0
2022,80.0,0.0,DIA UTIL,MARÇO,-367.0,3.0
2022,77.0,34000.0,DIA UTIL,JUNHO,0.0,Outros
2023,90.0,40000.0,FIM DE SEMANA,NOVEMBRO,-412.0,Outros
2025,90.0,55000.0,DIA UTIL,SETEMBRO,173.75,Outros
2025,66.0,7000.0,DIA UTIL,OUTUBRO,199.8,Outros
2024,60.0,2500.0,FIM DE SEMANA,MARÇO,-11.0,3.0
2022,73.0,45000.0,FIM DE SEMANA,ABRIL,249.75,Outros
2024,68.0,2465.0,FERIADO NACIONAL,NOVEMBRO,499.5,Outros
2022,65.0,42000.0,FIM DE SEMANA,JUNHO,-625.5,8.0
2022,77.0,8000.0,FIM DE SEMANA,NOVEMBRO,999.0,Outros
2025,63.0,2400.0,DIA UTIL,NOVEMBRO,478.0,Outros
2022,64.0,3200.0,FIM DE SEMANA,ABRIL,999.0,9.0
2022,64.0,3200.0,FIM DE SEMANA,ABRIL,1.0,9.0
2022,64.0,4000.0,FIM DE SEMANA,MAIO,41.0,9.0
2023,64.0,8000.0,DIA UTIL,JUNHO,209.5,9.0
2024,64.0,8000.0,DIA UTIL,JUNHO,182.0,9.0
2025,64.0,8000.0,FIM DE SEMANA,AGOSTO,200.0,9.0
2025,64.0,8000.0,DIA UTIL,OUTUBRO,31.0,9.0
2025,64.0,60000.0,DIA UTIL,OUTUBRO,14.0,9.0
2025,64.0,60000.0,FIM DE SEMANA,NOVEMBRO,0.5,9.0
2024,78.0,2639.0666666666666,DIA UTIL,MAIO,-162.33333333333334,3.0
2024,74.0,5111.0,FIM DE SEMANA,MARÇO,170.33333333333334,6.0
2024,74.0,4500.0,FIM DE SEMANA,MARÇO,0.3333333333333333,6.0
2023,69.0,7700.0,FIM DE SEMANA,MAIO,333.0,9.0
2024,69.0,7000.0,FIM DE SEMANA,AGOSTO,161.0,9.0
2024,63.0,20000.0,DIA UTIL,SETEMBRO,672.0,11.0
2024,72.0,17720.0,FIM DE SEMANA,NOVEMBRO,2.8,14.0
2023,69.0,4000.0,DIA UTIL,FEVEREIRO,-237.5,Outros
2024,69.0,21188.0,FIM DE SEMANA,JUNHO,199.8,Outros
2024,67.0,24000.0,FIM DE SEMANA,AGOSTO,-53.0,13.0
2025,67.0,45000.0,FIM DE SEMANA,AGOSTO,-30.33333333333333,13.0
2023,65.0,20000.0,FIM DE SEMANA,JUNHO,-409.0,9.0
2024,65.0,8000.0,DIA UTIL,NOVEMBRO,258.5,9.0
2024,65.0,8000.0,DIA UTIL,NOVEMBRO,2.5,9.0
2024,65.0,8000.0,DIA UTIL,NOVEMBRO,3.0,9.0
2024,65.0,17720.0,FIM DE SEMANA,NOVEMBRO,-57.16666666666666,9.0
2025,65.0,6800.0,FIM DE SEMANA,MARÇO,39.0,9.0
2024,89.0,48900.0,FERIADO NACIONAL,NOVEMBRO,166.5,4.0
2024,89.0,48027.0,FIM DE SEMANA,NOVEMBRO,0.1666666666666666,4.0
2025,89.0,68000.0,FIM DE SEMANA,NOVEMBRO,71.4,4.0
2022,65.0,8203.0,FIM DE SEMANA,MAIO,-357.0,6.0
2022,65.0,0.0,FIM DE SEMANA,MAIO,0.5,6.0
2024,65.0,16406.0,FIM DE SEMANA,MAIO,5.0,6.0
2023,63.0,40000.0,FIM DE SEMANA,MAIO,-107.0,9.0
2023,66.0,2800.0,DIA UTIL,FEVEREIRO,47.0,3.0
2024,74.0,21188.0,FIM DE SEMANA,JUNHO,199.8,Outros
2022,77.0,3000.0,DIA UTIL,FEVEREIRO,-1265.0,10.0
2025,77.0,40000.0,FIM DE SEMANA,MARÇO,375.0,10.0
2025,77.0,40000.0,FIM DE SEMANA,AGOSTO,121.33333333333331,10.0
2022,74.0,3000.0,FIM DE SEMANA,FEVEREIRO,-166.6,1.0
2022,74.0,6500.0,FERIADO NACIONAL,MARÇO,199.8,1.0
2022,74.0,20000.0,DIA UTIL,JUNHO,-237.0,1.0
2022,74.0,45000.0,FIM DE SEMANA,AGOSTO,-31.25,1.0
2022,74.0,10000.0,FIM DE SEMANA,DEZEMBRO,22.4,1.0
2022,74.0,7800.0,DIA UTIL,DEZEMBRO,-182.2,1.0
2024,74.0,21188.0,FIM DE SEMANA,JUNHO,144.6,1.0
2025,74.0,15000.0,FIM DE SEMANA,JUNHO,605.0,1.0
2023,79.0,4000.0,FIM DE SEMANA,MARÇO,166.5,Outros
2024,83.0,24207.0,FIM DE SEMANA,MARÇO,166.5,Outros
2022,73.0,20000.0,FERIADO NACIONAL,JUNHO,-592.0,1.0
2022,73.0,6500.0,DIA UTIL,JULHO,-330.3333333333333,1.0
2023,73.0,8000.0,DIA UTIL,JANEIRO,-23.25,1.0
2023,73.0,20000.0,FIM DE SEMANA,FEVEREIRO,77.66666666666667,1.0
2023,73.0,20000.0,FIM DE SEMANA,ABRIL,-90.0,1.0
2024,73.0,20000.0,FERIADO MUNICIPAL,JANEIRO,-68.0,1.0
2024,73.0,7800.0,DIA UTIL,MAIO,161.0,1.0
2024,73.0,7550.0,FIM DE SEMANA,MAIO,0.3333333333333333,1.0
2024,73.0,21188.0,FIM DE SEMANA,JUNHO,98.2,1.0
2024,73.0,25000.0,DIA UTIL,SETEMBRO,773.0,1.0
2025,73.0,6500.0,FIM DE SEMANA,ABRIL,107.33333333333331,1.0
2025,73.0,25000.0,DIA UTIL,OUTUBRO,406.0,1.0
2022,63.0,6500.0,DIA UTIL,ABRIL,-192.33333333333331,11.0
2023,63.0,0.0,FIM DE SEMANA,JUNHO,-134.5,11.0
2023,63.0,3800.0,DIA UTIL,NOVEMBRO,-100.66666666666669,11.0
2024,63.0,7452.542372881356,FIM DE SEMANA,MAIO,84.0,11.0
2024,63.0,15000.0,FIM DE SEMANA,SETEMBRO,862.0,11.0
2024,63.0,4000.0,DIA UTIL,NOVEMBRO,189.0,11.0
2023,73.0,7000.0,DIA UTIL,SETEMBRO,249.75,Outros
2025,68.0,3000.0,FIM DE SEMANA,AGOSTO,-14.0,6.0
2022,72.0,8000.0,FERIADO NACIONAL,ABRIL,-213.75,10.0
2022,72.0,7000.0,FIM DE SEMANA,ABRIL,0.5,10.0
2022,72.0,7500.0,DIA UTIL,ABRIL,3.6666666666666665,10.0
2022,72.0,3000.0,DIA UTIL,NOVEMBRO,-140.5,10.0
2022,72.0,49250.0,FIM DE SEMANA,NOVEMBRO,70.66666666666667,10.0
2023,72.0,90000.0,FIM DE SEMANA,AGOSTO,-26.83333333333333,10.0
2024,72.0,40000.0,FIM DE SEMANA,JANEIRO,71.16666666666667,10.0
2024,72.0,24000.0,FIM DE SEMANA,AGOSTO,92.14285714285714,10.0
2025,64.0,21000.0,FIM DE SEMANA,NOVEMBRO,-1.0,8.0
2022,77.0,7092.0,DIA UTIL,SETEMBRO,-14.25,3.0
2023,77.0,7912.0,DIA UTIL,NOVEMBRO,105.0,3.0
2024,60.0,20000.0,FERIADO MUNICIPAL,JANEIRO,333.0,Outros
2023,61.0,2839.1304347826085,DIA UTIL,JUNHO,41.333333333333336,9.0
2024,61.0,2500.0,FIM DE SEMANA,OUTUBRO,249.0,9.0
2025,63.0,8500.0,FIM DE SEMANA,JUNHO,110.83333333333331,10.0
2022,69.0,45000.0,FIM DE SEMANA,AGOSTO,-91.0,7.0
2023,69.0,10000.0,FIM DE SEMANA,FEVEREIRO,-476.0,7.0
2023,69.0,20000.0,FIM DE SEMANA,ABRIL,23.33333333333333,7.0
2023,69.0,90000.0,FIM DE SEMANA,AGOSTO,22.2,7.0
2022,64.0,6000.0,FIM DE SEMANA,ABRIL,-103.6,11.0
2024,64.0,3200.0,FIM DE SEMANA,MARÇO,-119.2,11.0
2024,64.0,3200.0,FIM DE SEMANA,MARÇO,0.2,11.0
2025,64.0,3900.0,FIM DE SEMANA,OUTUBRO,181.0,11.0
2025,64.0,3900.0,FIM DE SEMANA,OUTUBRO,0.1428571428571428,11.0
2025,64.0,3900.0,FIM DE SEMANA,OUTUBRO,0.8571428571428571,11.0
2025,64.0,3900.0,FIM DE SEMANA,OUTUBRO,0.1428571428571428,11.0
2025,64.0,3900.0,FIM DE SEMANA,OUTUBRO,1.0,11.0
2025,64.0,3500.0,FIM DE SEMANA,OUTUBRO,0.8571428571428571,11.0
2025,64.0,3600.0,FIM DE SEMANA,OUTUBRO,0.1428571428571428,11.0
2024,82.0,50126.0,DIA UTIL,SETEMBRO,-89.5,Outros
2022,69.0,3200.0,FIM DE SEMANA,AGOSTO,45.0,1.0
2023,69.0,3200.0,DIA UTIL,MAIO,136.0,1.0
2023,69.0,20000.0,FIM DE SEMANA,JUNHO,-818.0,1.0
2023,69.0,50000.0,FIM DE SEMANA,DEZEMBRO,42.0,1.0
2024,69.0,3200.0,DIA UTIL,NOVEMBRO,279.5,1.0
2025,69.0,7913.85,FIM DE SEMANA,ABRIL,171.5,1.0
2022,68.0,3000.0,DIA UTIL,FEVEREIRO,-119.25,11.0
2022,68.0,3000.0,FIM DE SEMANA,FEVEREIRO,0.25,11.0
2022,68.0,3000.0,DIA UTIL,FEVEREIRO,1.5,11.0
2022,68.0,8000.0,FIM DE SEMANA,FEVEREIRO,0.25,11.0
2022,68.0,8000.0,DIA UTIL,JULHO,-99.8,11.0
2022,68.0,7700.0,DIA UTIL,JULHO,0.2,11.0
2022,68.0,8000.0,FIM DE SEMANA,JULHO,0.2,11.0
2022,68.0,8000.0,DIA UTIL,JULHO,1.0,11.0
2022,68.0,8000.0,DIA UTIL,JULHO,0.2,11.0
2023,68.0,7500.0,DIA UTIL,JULHO,70.0,11.0
2023,68.0,7700.0,FIM DE SEMANA,JULHO,0.2,11.0
2023,68.0,7400.0,DIA UTIL,JULHO,1.2,11.0
2023,68.0,7500.0,FIM DE SEMANA,JULHO,0.2,11.0
2023,68.0,50000.0,FIM DE SEMANA,DEZEMBRO,219.33333333333331,11.0
2022,86.0,46881.0,DIA UTIL,ABRIL,-520.0,6.0
2025,70.0,8000.0,DIA UTIL,NOVEMBRO,249.75,Outros
2022,77.0,6500.0,DIA UTIL,JULHO,-221.0,8.0
2023,77.0,40000.0,FIM DE SEMANA,MAIO,142.0,8.0
2024,77.0,20000.0,FIM DE SEMANA,MAIO,-160.0,8.0
2024,77.0,10000.0,FIM DE SEMANA,OUTUBRO,-105.0,8.0
2025,77.0,25000.0,FIM DE SEMANA,JUNHO,-37.0,8.0
2025,77.0,25000.0,DIA UTIL,AGOSTO,11.333333333333334,8.0
2025,77.0,0.0,FIM DE SEMANA,NOVEMBRO,932.0,8.0
2023,74.0,40000.0,FIM DE SEMANA,MAIO,-427.0,8.0
2024,67.0,21188.0,FIM DE SEMANA,JUNHO,12.833333333333334,12.0
2024,70.0,21188.0,FIM DE SEMANA,JUNHO,89.0,12.0
2022,74.0,7800.0,DIA UTIL,DEZEMBRO,-89.0,12.0
2024,74.0,21188.0,FIM DE SEMANA,JUNHO,45.66666666666666,12.0
2022,73.0,10000.0,FIM DE SEMANA,AGOSTO,-163.0,12.0
2022,73.0,7800.0,DIA UTIL,DEZEMBRO,23.6,12.0
2024,73.0,21188.0,FIM DE SEMANA,JUNHO,-90.8,12.0
2025,73.0,8500.0,FIM DE SEMANA,NOVEMBRO,266.5,12.0
2022,72.0,7800.0,DIA UTIL,DEZEMBRO,-199.0,12.0
2025,72.0,25000.0,DIA UTIL,OUTUBRO,1029.0,12.0
2025,72.0,8500.0,FIM DE SEMANA,NOVEMBRO,9.25,12.0
2024,71.0,8000.0,DIA UTIL,ABRIL,249.75,9.0
2024,68.0,0.0,DIA UTIL,FEVEREIRO,41.75,3.0
2022,83.0,55000.0,DIA UTIL,MAIO,249.75,Outros
2022,79.0,0.0,DIA UTIL,MARÇO,-367.0,3.0
2023,79.0,35000.0,FIM DE SEMANA,NOVEMBRO,117.8,3.0
2022,79.0,31000.0,FIM DE SEMANA,NOVEMBRO,-137.0,Outros
2022,79.0,20429.0,FIM DE SEMANA,NOVEMBRO,0.2,Outros
2024,71.0,3000.0,FIM DE SEMANA,MAIO,785.0,3.0
2022,63.0,8000.0,DIA UTIL,AGOSTO,-4.4,11.0
2022,63.0,8000.0,FIM DE SEMANA,AGOSTO,0.2,11.0
2022,63.0,8000.0,DIA UTIL,SETEMBRO,1.0,11.0
2022,63.0,8000.0,DIA UTIL,SETEMBRO,0.2,11.0
2022,63.0,8000.0,FIM DE SEMANA,SETEMBRO,4.4,11.0
2022,63.0,8000.0,FIM DE SEMANA,SETEMBRO,0.2,11.0
2022,63.0,8000.0,DIA UTIL,NOVEMBRO,7.4,11.0
2022,63.0,8000.0,DIA UTIL,NOVEMBRO,0.4,11.0
2022,63.0,8000.0,DIA UTIL,NOVEMBRO,0.2,11.0
2022,62.0,2800.0,DIA UTIL,ABRIL,499.5,Outros
2025,62.0,3900.0,FIM DE SEMANA,NOVEMBRO,262.8,Outros
2025,79.0,3800.0,DIA UTIL,MARÇO,499.5,Outros
2024,70.0,3900.0,DIA UTIL,OUTUBRO,115.8,3.0
2024,70.0,46572.0,FIM DE SEMANA,NOVEMBRO,10.25,0.0
2023,71.0,30000.0,DIA UTIL,MARÇO,142.71428571428572,Outros
2022,62.0,10000.0,FIM DE SEMANA,DEZEMBRO,-71.6,8.0
2023,62.0,50000.0,FIM DE SEMANA,DEZEMBRO,-55.5,8.0
2024,60.0,60000.0,FIM DE SEMANA,OUTUBRO,-34.6,4.0
2022,65.0,2000.0,FIM DE SEMANA,MAIO,-186.66666666666663,11.0
2022,65.0,6500.0,DIA UTIL,JUNHO,-171.0,11.0
2022,65.0,10000.0,FIM DE SEMANA,OUTUBRO,59.333333333333336,11.0
2024,65.0,8000.0,FIM DE SEMANA,OUTUBRO,242.33333333333331,11.0
2025,65.0,7000.0,DIA UTIL,JUNHO,274.75,11.0
2025,65.0,9000.0,FIM DE SEMANA,JUNHO,7.5,11.0
2025,65.0,8800.0,DIA UTIL,OUTUBRO,62.5,11.0
2024,69.0,50000.0,FIM DE SEMANA,AGOSTO,249.75,0.0
2024,69.0,50000.0,FIM DE SEMANA,AGOSTO,0.25,0.0
2024,69.0,50000.0,DIA UTIL,AGOSTO,1.25,0.0
2024,69.0,50000.0,FIM DE SEMANA,AGOSTO,0.25,0.0
2025,69.0,0.0,DIA UTIL,JULHO,64.2,0.0
2025,69.0,50000.0,FIM DE SEMANA,JULHO,0.2,0.0
2022,74.0,2200.0,FIM DE SEMANA,MAIO,-45.5,7.0
2023,74.0,7000.0,FIM DE SEMANA,FEVEREIRO,273.0,7.0
2023,74.0,20000.0,FIM DE SEMANA,ABRIL,23.666666666666668,7.0
2024,74.0,24000.0,FIM DE SEMANA,AGOSTO,79.16666666666667,7.0
2023,64.0,7000.0,DIA UTIL,JANEIRO,-33.4,9.0
2023,64.0,7000.0,DIA UTIL,JANEIRO,0.2,9.0
2023,64.0,7000.0,DIA UTIL,JANEIRO,0.2,9.0
2023,73.0,6600.0,DIA UTIL,JULHO,-85.2,9.0
2024,73.0,8000.0,DIA UTIL,SETEMBRO,89.25,9.0
2024,82.0,7808.0,DIA UTIL,SETEMBRO,94.5,6.0
2025,64.0,4000.0,DIA UTIL,AGOSTO,-0.2,Outros
2022,65.0,8000.0,DIA UTIL,OUTUBRO,249.75,Outros
2025,82.0,66000.0,FIM DE SEMANA,NOVEMBRO,333.0,Outros
2025,82.0,66000.0,FIM DE SEMANA,NOVEMBRO,0.3333333333333333,Outros
2025,64.0,3200.0,DIA UTIL,OUTUBRO,1009.0,Outros
2025,71.0,7002.0,FIM DE SEMANA,ABRIL,499.5,Outros
2022,76.0,42000.0,FIM DE SEMANA,JUNHO,-440.0,8.0
2023,76.0,40000.0,FIM DE SEMANA,MAIO,160.5,8.0
2022,66.0,4700.0,DIA UTIL,FEVEREIRO,-450.0,7.0
2025,60.0,3200.0,FERIADO NACIONAL,NOVEMBRO,550.0,9.0
2022,65.0,3500.0,FIM DE SEMANA,MARÇO,-910.0,9.0
2022,65.0,8000.0,FIM DE SEMANA,MARÇO,-580.5,9.0
2022,65.0,5000.0,FIM DE SEMANA,NOVEMBRO,-1070.0,9.0
2023,65.0,7000.0,DIA UTIL,NOVEMBRO,363.0,9.0
2024,65.0,8000.0,FIM DE SEMANA,ABRIL,378.0,9.0
2024,65.0,15000.0,FIM DE SEMANA,SETEMBRO,895.0,9.0
2025,65.0,44516.0,FIM DE SEMANA,MAIO,199.25,9.0
2025,65.0,7500.0,DIA UTIL,OUTUBRO,283.0,9.0
2024,62.0,60000.0,FIM DE SEMANA,OUTUBRO,0.2,4.0
2023,66.0,4000.0,DIA UTIL,JULHO,-91.85714285714286,9.0
2025,66.0,7000.0,DIA UTIL,OUTUBRO,137.66666666666666,9.0
2022,67.0,3200.0,DIA UTIL,FEVEREIRO,-94.0,1.0
2022,67.0,0.0,DIA UTIL,MARÇO,-310.6666666666667,1.0
2022,67.0,20000.0,DIA UTIL,JUNHO,-90.0,1.0
2023,67.0,50000.0,FIM DE SEMANA,JUNHO,358.0,1.0
2023,67.0,5600.0,DIA UTIL,NOVEMBRO,153.0,1.0
2024,67.0,0.0,DIA UTIL,JANEIRO,70.0,1.0
2024,67.0,2900.0,DIA UTIL,OUTUBRO,959.0,1.0
2024,67.0,6500.0,DIA UTIL,NOVEMBRO,287.0,1.0
2025,67.0,7000.0,FIM DE SEMANA,OUTUBRO,358.0,1.0
2022,72.0,7000.0,DIA UTIL,DEZEMBRO,-0.75,Outros
2022,72.0,45000.0,FIM DE SEMANA,DEZEMBRO,999.0,Outros
2022,61.0,50000.0,DIA UTIL,AGOSTO,-557.0,9.0
2025,71.0,2700.0,DIA UTIL,MARÇO,999.0,Outros
2023,72.0,49742.0,DIA UTIL,DEZEMBRO,-21.4,14.0
2023,72.0,49742.0,FIM DE SEMANA,DEZEMBRO,0.4,14.0
2023,72.0,49742.0,FIM DE SEMANA,DEZEMBRO,0.2,14.0
2024,72.0,49071.0,DIA UTIL,OUTUBRO,62.0,14.0
2024,72.0,49070.0,DIA UTIL,OUTUBRO,0.2,14.0
2022,74.0,6500.0,DIA UTIL,JULHO,-389.0,12.0
2022,74.0,45000.0,FIM DE SEMANA,AGOSTO,6.25,12.0
2022,74.0,2800.0,DIA UTIL,DEZEMBRO,-543.0,12.0
2022,74.0,45000.0,FIM DE SEMANA,DEZEMBRO,-152.25,12.0
2023,74.0,10000.0,FIM DE SEMANA,FEVEREIRO,-476.0,12.0
2023,74.0,90000.0,FIM DE SEMANA,AGOSTO,36.2,12.0
2024,74.0,21188.0,FIM DE SEMANA,JUNHO,-92.0,12.0
2024,74.0,24000.0,FIM DE SEMANA,AGOSTO,121.33333333333331,12.0
2022,71.0,4000.0,FIM DE SEMANA,MAIO,-612.5,1.0
2023,71.0,7930.0,DIA UTIL,ABRIL,-28.0,1.0
2023,71.0,2800.0,DIA UTIL,JUNHO,-172.5,1.0
2024,71.0,2800.0,DIA UTIL,JUNHO,116.66666666666669,1.0
2024,71.0,3200.0,DIA UTIL,NOVEMBRO,186.66666666666663,1.0
2023,69.0,50000.0,FIM DE SEMANA,DEZEMBRO,-1.0,Outros
2023,69.0,3200.0,DIA UTIL,DEZEMBRO,499.5,Outros
2023,77.0,3000.0,FIM DE SEMANA,ABRIL,-218.5,Outros
2022,63.0,2000.0,FIM DE SEMANA,MAIO,-299.5,9.0
2022,63.0,0.0,FIM DE SEMANA,JULHO,-124.0,9.0
2023,63.0,50000.0,DIA UTIL,NOVEMBRO,107.0,9.0
2024,63.0,8000.0,DIA UTIL,ABRIL,10.25,9.0
2024,63.0,8000.0,FIM DE SEMANA,ABRIL,0.5,9.0
2024,63.0,3000.0,DIA UTIL,JUNHO,-136.5,9.0
2025,63.0,8000.0,DIA UTIL,MARÇO,85.25,9.0
2022,66.0,4000.0,DIA UTIL,JUNHO,-435.0,1.0
2022,87.0,34000.0,DIA UTIL,JUNHO,999.0,Outros
2025,61.0,2400.0,DIA UTIL,NOVEMBRO,333.0,Outros
2024,68.0,60000.0,FIM DE SEMANA,OUTUBRO,-31.8,3.0
2025,68.0,68000.0,FIM DE SEMANA,NOVEMBRO,76.8,3.0
2024,87.0,33921.0,FIM DE SEMANA,DEZEMBRO,238.0,Outros
2023,67.0,8000.0,DIA UTIL,OUTUBRO,119.0,1.0
2024,67.0,7000.0,FIM DE SEMANA,JUNHO,-158.33333333333334,1.0
2025,67.0,8000.0,DIA UTIL,SETEMBRO,143.2,1.0
2022,71.0,6000.0,DIA UTIL,ABRIL,-234.0,9.0
2022,71.0,42000.0,FIM DE SEMANA,JUNHO,-220.0,9.0
2023,71.0,25000.0,FIM DE SEMANA,MAIO,-190.66666666666663,9.0
2024,71.0,8000.0,DIA UTIL,NOVEMBRO,295.6666666666667,9.0
2024,71.0,8000.0,DIA UTIL,NOVEMBRO,2.333333333333333,9.0
2024,74.0,3900.0,DIA UTIL,MARÇO,499.5,Outros
2025,62.0,15000.0,FIM DE SEMANA,AGOSTO,361.6666666666667,8.0
2022,61.0,4000.0,FIM DE SEMANA,JULHO,-423.0,9.0
2022,61.0,2500.0,FIM DE SEMANA,NOVEMBRO,-337.0,9.0
2023,61.0,3200.0,DIA UTIL,JUNHO,236.0,9.0
2023,61.0,7000.0,DIA UTIL,OUTUBRO,-140.5,9.0
2024,61.0,3875.0,FIM DE SEMANA,JULHO,363.5,9.0
2024,61.0,12500.0,FIM DE SEMANA,NOVEMBRO,-116.66666666666669,9.0
2025,61.0,49107.0,FIM DE SEMANA,OUTUBRO,424.5,9.0
2025,90.0,7000.0,DIA UTIL,OUTUBRO,5.428571428571429,Outros
2023,67.0,54316.0,FIM DE SEMANA,NOVEMBRO,-1.4,6.0
2023,67.0,54316.0,DIA UTIL,NOVEMBRO,0.2,6.0
2023,67.0,54316.0,DIA UTIL,NOVEMBRO,-27.0,6.0
2023,67.0,54316.0,DIA UTIL,NOVEMBRO,0.25,6.0
2023,67.0,54316.0,FIM DE SEMANA,NOVEMBRO,0.25,6.0
2023,67.0,54316.0,FIM DE SEMANA,NOVEMBRO,0.25,6.0
2023,84.0,71239.0,DIA UTIL,NOVEMBRO,199.8,Outros
2024,63.0,5400.0,DIA UTIL,JUNHO,333.0,Outros
2025,70.0,37608.0,FIM DE SEMANA,MARÇO,238.33333333333331,Outros
2022,70.0,3425.0,FIM DE SEMANA,NOVEMBRO,-338.3333333333333,11.0
2022,70.0,3425.0,FIM DE SEMANA,NOVEMBRO,0.3333333333333333,11.0
2022,70.0,3425.0,DIA UTIL,NOVEMBRO,1.0,11.0
2022,70.0,3425.0,DIA UTIL,NOVEMBRO,2.6666666666666665,11.0
2023,70.0,7000.0,DIA UTIL,JULHO,-57.0,11.0
2023,70.0,7000.0,FIM DE SEMANA,JULHO,0.5,11.0
2023,70.0,8000.0,DIA UTIL,OUTUBRO,68.6,11.0
2023,70.0,8000.0,FIM DE SEMANA,OUTUBRO,0.4,11.0
2023,70.0,8000.0,FIM DE SEMANA,OUTUBRO,0.2,11.0
2024,70.0,30000.0,DIA UTIL,NOVEMBRO,-44.57142857142857,11.0
2025,70.0,3000.0,FIM DE SEMANA,AGOSTO,52.4,11.0
2025,70.0,9000.0,DIA UTIL,NOVEMBRO,143.33333333333334,11.0
2025,70.0,8800.0,FIM DE SEMANA,NOVEMBRO,0.1666666666666666,11.0
2023,74.0,30160.0,FIM DE SEMANA,SETEMBRO,199.8,Outros
2022,88.0,8594.0,DIA UTIL,AGOSTO,-54.0,Outros
2023,63.0,5800.0,FIM DE SEMANA,JANEIRO,-282.6666666666667,11.0
2024,62.0,2700.0,FIM DE SEMANA,ABRIL,375.0,Outros
2022,73.0,2700.0,DIA UTIL,DEZEMBRO,-169.0,3.0
2023,92.0,50000.0,DIA UTIL,NOVEMBRO,90.0,6.0
2023,92.0,50000.0,FIM DE SEMANA,NOVEMBRO,0.2,6.0
2023,92.0,50000.0,FIM DE SEMANA,NOVEMBRO,0.2,6.0
2022,61.0,3200.0,FIM DE SEMANA,FEVEREIRO,-197.0,9.0
2022,61.0,45000.0,FIM DE SEMANA,DEZEMBRO,-66.0,9.0
2024,61.0,8000.0,DIA UTIL,SETEMBRO,104.66666666666669,9.0
2024,61.0,8000.0,FIM DE SEMANA,SETEMBRO,0.1666666666666666,9.0
2024,61.0,8000.0,FIM DE SEMANA,SETEMBRO,0.1666666666666666,9.0
2022,67.0,4000.0,DIA UTIL,JUNHO,-276.6666666666667,11.0
2023,67.0,8000.0,FIM DE SEMANA,FEVEREIRO,75.66666666666667,11.0
2024,67.0,14750.0,FIM DE SEMANA,SETEMBRO,130.66666666666666,11.0
2025,67.0,7000.0,FIM DE SEMANA,SETEMBRO,-26.0,11.0
2025,67.0,8000.0,DIA UTIL,NOVEMBRO,339.3333333333333,11.0
2025,70.0,3500.0,DIA UTIL,MAIO,183.33333333333331,3.0
2022,61.0,8500.0,DIA UTIL,MAIO,-282.75,10.0
2024,79.0,24000.0,FIM DE SEMANA,AGOSTO,-19.666666666666668,10.0
2024,79.0,7000.0,DIA UTIL,DEZEMBRO,316.0,10.0
2025,79.0,40000.0,FIM DE SEMANA,ABRIL,77.33333333333333,10.0
2025,66.0,3500.0,FIM DE SEMANA,MAIO,255.0,Outros
2024,69.0,7000.0,DIA UTIL,MARÇO,-0.3333333333333333,Outros
2025,71.0,35000.0,FIM DE SEMANA,MARÇO,97.4,14.0
2022,67.0,8000.0,DIA UTIL,MARÇO,-226.0,9.0
2022,67.0,8000.0,FIM DE SEMANA,MARÇO,0.25,9.0
2022,67.0,8000.0,FIM DE SEMANA,MARÇO,0.25,9.0
2022,67.0,6500.0,DIA UTIL,JULHO,-78.66666666666667,9.0
2022,67.0,8000.0,DIA UTIL,OUTUBRO,55.5,9.0
2022,67.0,8000.0,FIM DE SEMANA,OUTUBRO,0.25,9.0
2023,67.0,8000.0,DIA UTIL,MARÇO,48.66666666666666,9.0
2023,67.0,8000.0,FIM DE SEMANA,MARÇO,0.3333333333333333,9.0
2023,67.0,8000.0,FIM DE SEMANA,MARÇO,0.3333333333333333,9.0
2025,76.0,0.0,FIM DE SEMANA,NOVEMBRO,999.0,Outros
2025,76.0,3200.0,DIA UTIL,OUTUBRO,499.5,Outros
2022,79.0,45000.0,FIM DE SEMANA,DEZEMBRO,-672.0,4.0
2024,79.0,60000.0,FIM DE SEMANA,OUTUBRO,-77.0,4.0
2024,79.0,60000.0,FIM DE SEMANA,OUTUBRO,0.2,4.0
2023,66.0,50000.0,FIM DE SEMANA,DEZEMBRO,499.5,Outros
2024,60.0,40000.0,FIM DE SEMANA,ABRIL,-91.0,1.0
2022,61.0,34000.0,DIA UTIL,JUNHO,0.0,Outros
2023,66.0,40000.0,FIM DE SEMANA,NOVEMBRO,225.0,3.0
2024,66.0,46572.0,FIM DE SEMANA,NOVEMBRO,145.0,0.0
2025,69.0,3000.0,FIM DE SEMANA,MAIO,375.0,0.0
2025,70.0,2800.0,DIA UTIL,MAIO,251.33333333333331,Outros
2025,85.0,55239.0,FIM DE SEMANA,ABRIL,70.5,9.0
2025,85.0,55240.0,FIM DE SEMANA,ABRIL,0.1666666666666666,9.0
2025,72.0,37608.0,FIM DE SEMANA,MARÇO,333.0,Outros
2023,63.0,7950.0,DIA UTIL,FEVEREIRO,-97.5,9.0
2023,77.0,35000.0,FIM DE SEMANA,NOVEMBRO,117.4,Outros
2025,81.0,47645.0,FIM DE SEMANA,MAIO,-0.6666666666666666,4.0
2025,81.0,47645.0,FIM DE SEMANA,MAIO,0.1666666666666666,4.0
2025,81.0,70000.0,DIA UTIL,MAIO,439.0,4.0
2022,69.0,2200.0,FIM DE SEMANA,MAIO,-227.5,7.0
2023,69.0,20000.0,FIM DE SEMANA,ABRIL,114.66666666666669,7.0
2025,62.0,3200.0,DIA UTIL,NOVEMBRO,378.0,3.0
2022,61.0,42000.0,FIM DE SEMANA,JUNHO,-89.0,9.0
2023,61.0,7500.0,FIM DE SEMANA,ABRIL,143.5,9.0
2023,61.0,40000.0,FIM DE SEMANA,MAIO,91.0,9.0
2023,61.0,40000.0,FIM DE SEMANA,NOVEMBRO,-671.0,9.0
2023,100.0,50000.0,DIA UTIL,NOVEMBRO,199.8,6.0
2023,100.0,50000.0,FIM DE SEMANA,NOVEMBRO,0.2,6.0
2023,100.0,50000.0,FIM DE SEMANA,NOVEMBRO,0.2,6.0
2023,71.0,40000.0,FIM DE SEMANA,MAIO,-132.0,8.0
2024,71.0,20000.0,FERIADO MUNICIPAL,JANEIRO,-295.0,8.0
2023,60.0,7000.0,DIA UTIL,MARÇO,-48.0,Outros
2025,64.0,2600.0,FIM DE SEMANA,OUTUBRO,101.33333333333331,Outros
2023,76.0,50000.0,FIM DE SEMANA,DEZEMBRO,499.5,Outros
2022,61.0,2800.0,DIA UTIL,MARÇO,6.0,Outros
2023,60.0,50000.0,FIM DE SEMANA,DEZEMBRO,-66.5,Outros
2024,60.0,4000.0,DIA UTIL,OUTUBRO,79.5,Outros
2022,78.0,35000.0,FIM DE SEMANA,NOVEMBRO,-77.0,3.0
2023,78.0,4000.0,DIA UTIL,NOVEMBRO,127.66666666666669,3.0
2023,78.0,50000.0,FIM DE SEMANA,DEZEMBRO,499.5,3.0
2022,68.0,6000.0,DIA UTIL,MAIO,-103.0,Outros
2023,77.0,7000.0,FIM DE SEMANA,NOVEMBRO,199.8,Outros
2025,77.0,37608.0,FIM DE SEMANA,MARÇO,117.0,Outros
2024,65.0,46572.0,FIM DE SEMANA,NOVEMBRO,0.0,0.0
2022,62.0,8000.0,FIM DE SEMANA,DEZEMBRO,-37.333333333333336,Outros
2025,62.0,7000.0,DIA UTIL,AGOSTO,163.0,Outros
2024,74.0,8000.0,FIM DE SEMANA,NOVEMBRO,84.75,3.0
2025,62.0,37608.0,FIM DE SEMANA,MARÇO,-86.33333333333333,3.0
2023,95.0,48000.0,DIA UTIL,OUTUBRO,66.66666666666667,6.0
2023,95.0,48000.0,DIA UTIL,OUTUBRO,0.3333333333333333,6.0
2024,95.0,64319.0,FIM DE SEMANA,SETEMBRO,83.0,6.0
2023,73.0,7000.0,FIM DE SEMANA,FEVEREIRO,-97.5,1.0
2024,73.0,7930.0,FIM DE SEMANA,JULHO,126.0,1.0
2023,69.0,40000.0,FIM DE SEMANA,NOVEMBRO,-654.0,3.0
2025,69.0,3100.0,DIA UTIL,AGOSTO,515.0,3.0
2023,62.0,6800.0,FIM DE SEMANA,MAIO,66.5,11.0
2022,78.0,7000.0,FIM DE SEMANA,OUTUBRO,199.8,6.0
2022,63.0,20000.0,FIM DE SEMANA,ABRIL,-471.5,9.0
2022,63.0,4000.0,FIM DE SEMANA,SETEMBRO,76.5,9.0
2022,63.0,4000.0,FIM DE SEMANA,DEZEMBRO,42.5,9.0
2023,63.0,50000.0,DIA UTIL,JUNHO,-46.833333333333336,9.0
2023,63.0,50000.0,FIM DE SEMANA,JUNHO,0.1666666666666666,9.0
2023,63.0,50000.0,FIM DE SEMANA,JUNHO,0.1666666666666666,9.0
2023,63.0,7000.0,DIA UTIL,JUNHO,-229.5,9.0
2023,63.0,50000.0,DIA UTIL,DEZEMBRO,31.0,9.0
2023,63.0,50000.0,DIA UTIL,DEZEMBRO,0.1666666666666666,9.0
2023,63.0,50000.0,FIM DE SEMANA,DEZEMBRO,0.1666666666666666,9.0
2024,63.0,8000.0,FIM DE SEMANA,SETEMBRO,664.0,9.0
2024,63.0,0.0,DIA UTIL,NOVEMBRO,80.25,9.0
2024,63.0,3000.0,DIA UTIL,DEZEMBRO,180.66666666666663,9.0
2024,64.0,7000.0,DIA UTIL,DEZEMBRO,275.6666666666667,Outros
2024,64.0,7668.0,DIA UTIL,ABRIL,4.8,3.0
2025,62.0,8000.0,DIA UTIL,OUTUBRO,249.75,Outros
2024,74.0,6500.0,FIM DE SEMANA,NOVEMBRO,499.5,Outros
2023,73.0,3200.0,DIA UTIL,MARÇO,368.0,3.0
2024,60.0,3100.0,DIA UTIL,NOVEMBRO,-127.66666666666669,Outros
2024,90.0,42200.0,DIA UTIL,SETEMBRO,-90.0,12.0
2025,90.0,3200.0,FIM DE SEMANA,SETEMBRO,499.5,12.0
2022,81.0,42000.0,FIM DE SEMANA,JUNHO,999.0,Outros
2022,63.0,45000.0,FIM DE SEMANA,DEZEMBRO,-713.0,0.0
2024,72.0,21188.0,FIM DE SEMANA,JUNHO,-5.4,1.0
2024,67.0,3000.0,DIA UTIL,ABRIL,125.5,Outros
2022,84.0,35000.0,FIM DE SEMANA,NOVEMBRO,-26.6,14.0
2024,83.0,37992.0,DIA UTIL,FEVEREIRO,166.5,9.0
2024,83.0,37992.0,DIA UTIL,FEVEREIRO,0.1666666666666666,9.0
2022,67.0,2000.0,DIA UTIL,MAIO,-1.0,Outros
2025,70.0,20000.0,DIA UTIL,NOVEMBRO,70.0,8.0
2022,60.0,12000.0,FIM DE SEMANA,MAIO,-238.0,1.0
2022,60.0,10000.0,FIM DE SEMANA,DEZEMBRO,-55.833333333333336,1.0
2023,60.0,5600.0,DIA UTIL,NOVEMBRO,-294.5,1.0
2024,60.0,2557.894736842105,DIA UTIL,MAIO,-239.0,1.0
2024,60.0,2900.0,DIA UTIL,OUTUBRO,70.0,1.0
2025,60.0,15000.0,FIM DE SEMANA,JUNHO,378.0,1.0
2022,66.0,10000.0,FIM DE SEMANA,OUTUBRO,-186.33333333333331,11.0
2024,66.0,3850.0,FIM DE SEMANA,ABRIL,9.6,11.0
2025,66.0,4500.0,FIM DE SEMANA,JULHO,503.5,11.0
2022,78.0,34000.0,DIA UTIL,JUNHO,-443.0,8.0
2024,78.0,33921.0,FIM DE SEMANA,DEZEMBRO,-154.0,8.0
2025,78.0,25000.0,DIA UTIL,AGOSTO,74.33333333333333,8.0
2025,78.0,8000.0,FIM DE SEMANA,OUTUBRO,245.2,8.0
2024,65.0,45000.0,FIM DE SEMANA,MARÇO,-259.0,10.0
2025,65.0,45000.0,FIM DE SEMANA,AGOSTO,70.0,10.0
2024,71.0,33921.0,FIM DE SEMANA,DEZEMBRO,-94.5,8.0
2023,60.0,20000.0,FIM DE SEMANA,ABRIL,-158.33333333333334,7.0
2024,60.0,24000.0,FIM DE SEMANA,AGOSTO,79.16666666666667,7.0
2022,61.0,2700.0,FIM DE SEMANA,ABRIL,-1071.0,1.0
2022,61.0,4000.0,DIA UTIL,JUNHO,-359.0,1.0
2023,61.0,2500.0,FIM DE SEMANA,ABRIL,126.0,1.0
2024,61.0,21188.0,FIM DE SEMANA,JUNHO,82.6,1.0
2024,70.0,43312.0,DIA UTIL,DEZEMBRO,188.2,14.0
2024,70.0,43000.0,FIM DE SEMANA,DEZEMBRO,0.2,14.0
2022,75.0,45000.0,FIM DE SEMANA,DEZEMBRO,-89.25,8.0
2023,75.0,35000.0,FIM DE SEMANA,DEZEMBRO,333.0,8.0
2024,71.0,7700.0,FIM DE SEMANA,MARÇO,140.5,3.0
2023,73.0,3200.0,FIM DE SEMANA,MARÇO,-985.0,8.0
2024,73.0,20000.0,FERIADO MUNICIPAL,JANEIRO,-68.0,8.0
2024,73.0,21188.0,FIM DE SEMANA,JUNHO,-90.8,8.0
2025,73.0,3200.0,DIA UTIL,MAIO,269.6666666666667,8.0
2023,82.0,40000.0,FIM DE SEMANA,MAIO,-466.0,12.0
2023,67.0,7500.0,FIM DE SEMANA,ABRIL,499.5,Outros
2022,70.0,0.0,DIA UTIL,JULHO,-171.0,9.0
2024,70.0,21188.0,FIM DE SEMANA,JUNHO,13.0,9.0
2022,71.0,2200.0,FIM DE SEMANA,MAIO,-70.0,8.0
2022,71.0,45000.0,FIM DE SEMANA,AGOSTO,-50.6,8.0
2023,71.0,7000.0,FERIADO NACIONAL,FEVEREIRO,-158.0,8.0
2023,71.0,20000.0,FIM DE SEMANA,ABRIL,17.0,8.0
2024,71.0,21188.0,FIM DE SEMANA,JUNHO,125.0,8.0
2024,64.0,7862.5,FIM DE SEMANA,JULHO,128.8,5.0
2025,70.0,4000.0,DIA UTIL,ABRIL,-10.4,9.0
2025,65.0,4000.0,DIA UTIL,AGOSTO,-0.2,Outros
2025,84.0,0.0,FIM DE SEMANA,NOVEMBRO,1338.0,12.0
2022,65.0,34000.0,FIM DE SEMANA,JUNHO,-448.0,8.0
2025,65.0,0.0,FIM DE SEMANA,NOVEMBRO,1254.0,8.0
2024,74.0,21188.0,FIM DE SEMANA,JUNHO,150.0,7.0
2022,80.0,45000.0,FIM DE SEMANA,AGOSTO,-72.8,10.0
2023,80.0,90000.0,FIM DE SEMANA,AGOSTO,-80.5,10.0
2024,80.0,24000.0,FIM DE SEMANA,AGOSTO,104.0,10.0
2022,65.0,4968.75,FIM DE SEMANA,FEVEREIRO,-271.2,11.0
2022,65.0,3600.0,FIM DE SEMANA,DEZEMBRO,73.25,11.0
2023,65.0,7000.0,FIM DE SEMANA,MAIO,43.75,11.0
2024,65.0,7300.0,DIA UTIL,MARÇO,69.75,11.0
2025,65.0,4500.0,FIM DE SEMANA,MAIO,109.0,11.0
2022,68.0,2200.0,FIM DE SEMANA,MAIO,53.0,7.0
2023,66.0,7000.0,DIA UTIL,DEZEMBRO,-47.5,5.0
2024,66.0,8000.0,DIA UTIL,JUNHO,249.75,5.0
2024,66.0,8000.0,FIM DE SEMANA,JUNHO,0.25,5.0
2024,66.0,7000.0,FIM DE SEMANA,DEZEMBRO,91.25,5.0
2024,63.0,25000.0,DIA UTIL,SETEMBRO,812.0,3.0
2022,74.0,45000.0,FIM DE SEMANA,DEZEMBRO,333.0,13.0
2023,74.0,7600.0,DIA UTIL,AGOSTO,-187.5,13.0
2024,74.0,7000.0,DIA UTIL,JUNHO,52.16666666666666,13.0
2025,74.0,45000.0,FIM DE SEMANA,AGOSTO,493.5,13.0
