Festival;Local;Data ;Ano;Headliners
Coala Festival;Memorial da América Latina;11/09/2021;2021;Maria Bethânia, Alceu Valença
Coala Festival;Memorial da América Latina;12/09/2021;2021;Gal Costa, Black Alien
Lollapalooza;Autódromo de Interlagos;25/03/2022;2022;The Strokes
Lollapalooza;Autódromo de Interlagos;26/03/2022;2022;Miley Cyrus
Lollapalooza;Autódromo de Interlagos;27/03/2022;2022;Foo Fighters
Coala Festival;Memorial da América Latina;16/09/2022;2022;Djavan
Coala Festival;Memorial da América Latina;17/09/2022;2022;Gal Costa
Coala Festival;Memorial da América Latina;18/09/2022;2022;Maria Bethânia, Alceu Valença
Primavera Sound;Distrito Anhembi;05/11/2022;2022;Arctic Monkeys, Björk
Primavera Sound;Distrito Anhembi;06/11/2022;2022;Travis Scott, Lorde
Popload Festival;CE Tietê;12/10/2022;2022;Pixies, Jack White
CENA 2k22;Sambódramo do Anhembi;09/04/2022;2022;Recayd MOB
CENA 2k22;Sambódramo do Anhembi;10/04/2022;2022;Trippie Redd
Knotfest;Sambódramo do Anhembi;18/12/2022;2022;Slipknot, Judas Priest
Turá;Parque Ibirapuera;02/07/2022;2022;Emicida, Zeca Pagodinho
Turá;Parque Ibirapuera;03/07/2022;2022;Baiana System, Alceu Valença
Lollapalooza;Autódromo de Interlagos;24/03/2023;2023;Billie Eilish, Lil Nas X
Lollapalooza;Autódromo de Interlagos;25/03/2023;2023;Twenty One Pilots, Tame Impala
Lollapalooza;Autódromo de Interlagos;26/03/2023;2023;Drake, Rosaliá
Monsters of Rock;Allianz Parque;22/04/2023;2023;Kiss, Scorpions
Ultra Brasil;Vale do Anhangabaú;21/04/2023;2023;Mashmallow
Ultra Brasil;Vale do Anhangabaú;22/04/2023;2023;Dj Snake
Summer Breeze Brasil;Memorial da América Latina;29/04/2023;2023;Blind Guardian, Apocalyptica
Summer Breeze Brasil;Memorial da América Latina;30/04/2023;2023;Parkway Drive, Evergrey
Nômade Festival;Memorial da América Latina;20/05/2023;2023;Alcione
Nômade Festival;Memorial da América Latina;21/05/2023;2023;Criolo
The Town ;Autódromo de Interlagos;02/09/2023;2023;Post Malone, Demi Lovato
The Town ;Autódromo de Interlagos;03/09/2023;2023;Bruno Mars, Bebe Rexha
The Town ;Autódromo de Interlagos;07/09/2023;2023;Maroon 5, The Chainsmokers
The Town ;Autódromo de Interlagos;09/09/2023;2023;Foo Fighters
The Town ;Autódromo de Interlagos;10/09/2023;2023;Bruno Mars, H.E.R
MITA Festival;Novo Anhangabaú;03/06/2023;2023;Lana Del Rey
MITA Festival;Novo Anhangabaú;04/06/2023;2023;Florence + The Machine
Coala Festival;Memorial da América Latina;15/09/2023;2023;OlodumBaiano
Coala Festival;Memorial da América Latina;16/09/2023;2023;Novos Baianos
Coala Festival;Memorial da América Latina;17/09/2023;2023;Jorge Ben Jor
Turá;Parque Ibirapuera;24/06/2023;2023;Jorge Ben Jor
Turá;Parque Ibirapuera;25/06/2023;2023;Gilberto Gil e Família
The Carnival;Vibra São Paulo;10/02/2024;2024;Steve Angello
The Carnival;Vibra São Paulo;10/02/2024;2024;Vintage Culture
Afterlife São Paulo;Autódromo de Interlagos;24/02/2024;2024;Omnya
Lollapalooza;Autódromo de Interlagos;22/03/2024;2024;Blink-182,Arcade Fire
Lollapalooza;Autódromo de Interlagos;23/03/2024;2024;Kings of Leon, Limp Bizkit
Lollapalooza;Autódromo de Interlagos;24/03/2024;2024;SZA, Sam Smith
I Wanna Be Tour ;Allianz Parque;02/03/2024;2024;Simple Plan
Summer Breeze Brasil;Memorial da América Latina;26/04/2024;2024;Gene Simons Band, Mr.BIG
Summer Breeze Brasil;Memorial da América Latina;27/04/2024;2024;Within Temptation, Epica
Summer Breeze Brasil;Memorial da América Latina;28/04/2024;2024;Mercyful Fate, Anthrax
Lollapalooza;Autódromo de Interlagos;28/03/2025;2025;Olivia Rodrigo
Lollapalooza;Autódromo de Interlagos;29/03/2025;2025;Shawn Mendes
Lollapalooza;Autódromo de Interlagos;30/03/2025;2025;Justin Timberlake
Monsters of Rock;Allianz Parque;19/04/2025;2025;Scorpions, Judas Priest
Bangers Open Air;Memorial da América Latina;02/05/2025;2025;Glenn Hughes
Bangers Open Air;Memorial da América Latina;03/05/2025;2025;Tobias Sammet's Avantasia
Bangers Open Air;Memorial da América Latina;04/05/2025;2025;Sabaton
Popload Festival;Parque Ibirapuera;31/05/2025;2025;Norah Jones
Best of Blues and Rock;Auditório Ibirapuera;07/06/2025;2025;Dave Matthews Band
Best of Blues and Rock;Auditório Ibirapuera;08/06/2025;2025;Dave Matthews Band
Best of Blues and Rock;Auditório Ibirapuera;14/06/2025;2025;Alice Cooper, Deep Purple
Best of Blues and Rock;Auditório Ibirapuera;14/06/2025;2025;Alice Cooper, Deep Purple
Turá;Parque Ibirapuera;28/06/2025;2025;Seu Jorge
Turá;Parque Ibirapuera;29/06/2025;2025;Gloria Groove
The Realness Festival;Vibra São Paulo;16/08/2025;2025;Sasha Colby
I Wanna Be Tour ;Allianz Parque;30/08/2025;2025;Fall Out Boy, Good Charlotte
Coala Festival;Memorial da América Latina;05/09/2025;2025;Liniker, Cidade Negra
Coala Festival;Memorial da América Latina;06/09/2025;2025;Nando Reis & Chico Chico, Black Alien
Coala Festival;Memorial da América Latina;07/09/2025;2025;Caetano Veloso
The Town;Autódromo de Interlagos;06/09/2025;2025;Travis Scott
The Town;Autódromo de Interlagos;07/09/2025;2025;Green Day
The Town;Autódromo de Interlagos;12/09/2025;2025;Backstreet Boys
The Town;Autódromo de Interlagos;13/09/2025;2025;Mariah Carey
The Town;Autódromo de Interlagos;14/09/2025;2025;Katy Perry
NFL Brasil;Neo Química Arena;05/09/2025;2025;Chiefs x LA Chargers
NFL Brasil;Neo Química Arena;06/09/2025;2024;Eagles x Packers
GP Fórmula 1;Autódromo de Interlagos;11/11/2022;2022;Grande Prêmio de Fórmula 1
GP Fórmula 1;Autódromo de Interlagos;12/11/2022;2022;Grande Prêmio de Fórmula 1
GP Fórmula 1;Autódromo de Interlagos;13/11/2022;2022;Grande Prêmio de Fórmula 1
GP Fórmula 1;Autódromo de Interlagos;03/11/2023;2023;Grande Prêmio de Fórmula 1
GP Fórmula 1;Autódromo de Interlagos;04/11/2023;2023;Grande Prêmio de Fórmula 1
GP Fórmula 1;Autódromo de Interlagos;05/11/2023;2023;Grande Prêmio de Fórmula 1
GP Fórmula 1;Autódromo de Interlagos;01/11/2024;2024;Grande Prêmio de Fórmula 1
GP Fórmula 1;Autódromo de Interlagos;02/11/2024;2024;Grande Prêmio de Fórmula 1
GP Fórmula 1;Autódromo de Interlagos;03/11/2024;2024;Grande Prêmio de Fórmula 1
GP Fórmula 1;Autódromo de Interlagos;07/11/2025;2025;Grande Prêmio de Fórmula 1
GP Fórmula 1;Autódromo de Interlagos;08/11/2025;2025;Grande Prêmio de Fórmula 1
GP Fórmula 1;Autódromo de Interlagos;09/11/2025;2025;Grande Prêmio de Fórmula 1
Festival de Motos de Interlagos;Autódromo de Interlagos;30/05/2025;2025;Festival de Motos
São Paulo Horror Expo;Centro de Eventos Pro Magno ;04/11/2023;2023;Evento de Cinema
São Paulo Horror Expo;Centro de Eventos Pro Magno ;05/11/2023;2023;Evento de Cinema
Rolex 6 Horas;Autódromo de Interlagos;13/07/2025;2025;Evento de Corrida
Rolex 6 Horas;Autódromo de Interlagos;14/07/2024;2024;Evento de Corrida
Final da Kings League Brasil;Allianz Parque;18/05/2025;2025;Final de Futebol
S.I.N. Festival;Audio;26/09/2024;2024;Evento odontológico
Rock Brasil 40 Anos;Memorial da América Latina;21/04/2022;2022;Nando Reis
Final do Campeonato Paulista;Allianz Parque;09/04/2023;2023;Final do Campeonato Paulista de Futebol (Palmeiras x Água Santa)
TikTok Awards;Ginásio do Ibirapuera;12/12/2023;2023;Premiação de Influenciadores
