nome;data;ano;nome_local;lotacao
ZEZE DI CAMARGO & LUCIANO;04/09/2021;2021;ESPACO DAS AMERICAS;1560
OS PARALAMAS DO SUCESSO;02/10/2021;2021;ESPACO DAS AMERICAS;3000
MAIARA & MARAISA;22/10/2021;2021;VILLA COUNTRY;5000
FERNANDO & SOROCABA;22/10/2021;2021;VILLA COUNTRY;5000
MAIARA & MARAISA;23/10/2021;2021;VILLA COUNTRY;5000
FERNANDO & SOROCABA;23/10/2021;2021;VILLA COUNTRY;5000
VANESSA DA MATA;23/10/2021;2021;TOM BRASIL;
ZECA PAGODINHO;12/11/2021;2021;ESPACO DAS AMERICAS;
CAPITAL INICIAL;14/11/2021;2021;AUTODROMO DE INTERLAGOS;0
TITAS;20/11/2021;2021;ARENA ANHEMBI;
GUSTAVO MIOTO;27/11/2021;2021;PAVILHAO DO TRANSAMERICA EXPO CENTER;
JOAO GOMES;02/12/2021;2021;CENTRO DE TRADICOES NORDESTINAS;5000
TARCISIO DO ACORDEON;02/12/2021;2021;CENTRO DE TRADICOES NORDESTINAS;5000
VITOR FERNANDES;02/12/2021;2021;CENTRO DE TRADICOES NORDESTINAS;5000
JOAO GOMES;03/12/2021;2021;CENTRO DE TRADICOES NORDESTINAS;4400
TARCISIO DO ACORDEON;03/12/2021;2021;CENTRO DE TRADICOES NORDESTINAS;4400
VITOR FERNANDES;03/12/2021;2021;CENTRO DE TRADICOES NORDESTINAS;4400
ZE NETO & CRISTIANO;04/12/2021;2021;ARENA ANHEMBI;30000
WESLEY SAFADAO;04/12/2021;2021;ARENA ANHEMBI;30000
JOAO GOMES;04/12/2021;2021;ARENA ANHEMBI;30000
LEO SANTANA;04/12/2021;2021;ARENA ANHEMBI;30000
VEIGH;10/12/2021;2021;AUDIO;3200
IVETE SANGALO;10/12/2021;2021;ESPACO DAS AMERICAS;
YUNK VINO;10/12/2021;2021;AUDIO;3200
HENRIQUE & JULIANO;17/12/2021;2021;ESTADIO DO CANINDE;
LUAN SANTANA;19/12/2021;2021;ESPACO DAS AMERICAS;
NANDO REIS;23/12/2021;2021;ESPACO DAS AMERICAS;
JORGE & MATEUS;08/01/2022;2022;EXPO CENTER NORTE;
PEDRO SAMPAIO;08/01/2022;2022;EXPO CENTER NORTE;
GUSTAVO MIOTO;22/01/2022;2022;SAO PAULO EXPO;10000
FERRUGEM;22/01/2022;2022;SAO PAULO EXPO;10000
DENNIS;22/01/2022;2022;SAO PAULO EXPO;10000
LUISA SONZA;28/01/2022;2022;TRANSAMERICA EXPO CENTER;
OS BAROES DA PISADINHA;04/02/2022;2022;CENTRO DE TRADICOES NORDESTINAS;
MARISA MONTE;04/02/2022;2022;ESPACO DAS AMERICAS;3000
CALCINHA PRETA;04/02/2022;2022;CENTRO DE TRADICOES NORDESTINAS;
LUAN SANTANA;05/02/2022;2022;ESTADIO DO CANINDE;
LUDMILLA;05/02/2022;2022;ESTADIO DO CANINDE;
FERRUGEM;05/02/2022;2022;ESTADIO DO CANINDE;
MARISA MONTE;05/02/2022;2022;ESPACO DAS AMERICAS;3000
GLORIA GROOVE;10/02/2022;2022;AUDIO;2000
MARISA MONTE;11/02/2022;2022;ESPACO DAS AMERICAS;3000
ANITTA;12/02/2022;2022;MEMORIAL DA AMERICA LATINA;25000
PABLLO VITTAR;12/02/2022;2022;MEMORIAL DA AMERICA LATINA;25000
CHITAOZINHO & XORORO;12/02/2022;2022;ESPACO DAS AMERICAS;8000
MARISA MONTE;12/02/2022;2022;ESPACO DAS AMERICAS;8000
ATITUDE 67;12/02/2022;2022;MEMORIAL DA AMERICA LATINA;25000
MATHEUS FERNANDES;12/02/2022;2022;MEMORIAL DA AMERICA LATINA;25000
ZE RAMALHO;13/02/2022;2022;ESPACO DAS AMERICAS;
CHITAOZINHO & XORORO;17/02/2022;2022;ESPACO DAS AMERICAS;8000
ZE VAQUEIRO;19/02/2022;2022;ARENA SERTANEJA;2600
SEPULTURA;20/02/2022;2022;AUDIO;3200
PABLLO VITTAR;25/02/2022;2022;AUDIO;3200
ZE VAQUEIRO;26/02/2022;2022;JOCKEY CLUB;3000
THIAGUINHO;26/02/2022;2022;JOCKEY CLUB;3000
PEDRO SAMPAIO;26/02/2022;2022;JOCKEY CLUB;3000
LUDMILLA;27/02/2022;2022;JOCKEY CLUB;3000
DENNIS;27/02/2022;2022;JOCKEY CLUB;3000
ALOK;28/02/2022;2022;JOCKEY CLUB;3000
LUAN SANTANA;28/02/2022;2022;JOCKEY CLUB;3000
JORGE & MATEUS;01/03/2022;2022;JOCKEY CLUB;3000
ANITTA;01/03/2022;2022;JOCKEY CLUB;3000
LUDMILLA;01/03/2022;2022;ESPACO DAS AMERICAS;6500
GLORIA GROOVE;01/03/2022;2022;ESPACO DAS AMERICAS;6500
SKANK;11/03/2022;2022;ESPACO DAS AMERICAS;8000
BACO EXU DO BLUES;12/03/2022;2022;AUDIO;3200
SKANK;12/03/2022;2022;ESPACO DAS AMERICAS;8000
OS PARALAMAS DO SUCESSO;12/03/2022;2022;TOKIO MARINE HALL;3500
SKANK;13/03/2022;2022;ESPACO DAS AMERICAS;8000
JAO;18/03/2022;2022;ESPACO DAS AMERICAS;6000
JUNGLE;18/03/2022;2022;AUDIO;3200
DOJA CAT;24/03/2022;2022;AUTODROMO DE INTERLAGOS;0
KEHLANI;24/03/2022;2022;AUTODROMO DE INTERLAGOS;0
MGK;24/03/2022;2022;AUTODROMO DE INTERLAGOS;0
PABLLO VITTAR;24/03/2022;2022;AUTODROMO DE INTERLAGOS;0
A DAY TO REMEMBER;24/03/2022;2022;AUDIO;3200
ALAN WALKER;25/03/2022;2022;AUTODROMO DE INTERLAGOS;100980
DOJA CAT;25/03/2022;2022;AUTODROMO DE INTERLAGOS;100980
MATUE;25/03/2022;2022;AUTODROMO DE INTERLAGOS;100980
THE STROKES;25/03/2022;2022;AUTODROMO DE INTERLAGOS;100980
MARINA;25/03/2022;2022;AUTODROMO DE INTERLAGOS;100980
MGK;25/03/2022;2022;AUTODROMO DE INTERLAGOS;100980
PABLLO VITTAR;25/03/2022;2022;AUTODROMO DE INTERLAGOS;100980
JACK HARLOW;25/03/2022;2022;AUTODROMO DE INTERLAGOS;100980
LP;25/03/2022;2022;AUTODROMO DE INTERLAGOS;100980
ASHNIKKO;25/03/2022;2022;AUTODROMO DE INTERLAGOS;100980
THE WOMBATS;25/03/2022;2022;AUTODROMO DE INTERLAGOS;100980
TURNSTILE;25/03/2022;2022;AUTODROMO DE INTERLAGOS;100980
070 SHAKE;25/03/2022;2022;AUTODROMO DE INTERLAGOS;100980
CHRIS LAKE;25/03/2022;2022;AUTODROMO DE INTERLAGOS;100980
MILEY CYRUS;26/03/2022;2022;AUTODROMO DE INTERLAGOS;103000
A$AP ROCKY;26/03/2022;2022;AUTODROMO DE INTERLAGOS;103000
ALESSIA CARA;26/03/2022;2022;AUTODROMO DE INTERLAGOS;103000
ALOK;26/03/2022;2022;AUTODROMO DE INTERLAGOS;103000
JAO;26/03/2022;2022;AUTODROMO DE INTERLAGOS;103000
A DAY TO REMEMBER;26/03/2022;2022;AUTODROMO DE INTERLAGOS;103000
TWO FEET;26/03/2022;2022;AUTODROMO DE INTERLAGOS;103000
EMICIDA;26/03/2022;2022;AUTODROMO DE INTERLAGOS;103000
DEORRO;26/03/2022;2022;AUTODROMO DE INTERLAGOS;103000
REMI WOLF;26/03/2022;2022;AUTODROMO DE INTERLAGOS;103000
MARTIN GARRIX;27/03/2022;2022;AUTODROMO DE INTERLAGOS;98255
KEHLANI;27/03/2022;2022;AUTODROMO DE INTERLAGOS;98255
ALESSO;27/03/2022;2022;AUTODROMO DE INTERLAGOS;98255
GLORIA GROOVE;27/03/2022;2022;AUTODROMO DE INTERLAGOS;98255
DJONGA;27/03/2022;2022;AUTODROMO DE INTERLAGOS;98255
CAPITAL INICIAL;27/03/2022;2022;MEMORIAL DA AMERICA LATINA;8000
OS PARALAMAS DO SUCESSO;27/03/2022;2022;MEMORIAL DA AMERICA LATINA;8000
KAYTRANADA;27/03/2022;2022;AUTODROMO DE INTERLAGOS;98255
BLACK PUMAS;27/03/2022;2022;AUTODROMO DE INTERLAGOS;98255
LAGUM;27/03/2022;2022;AUTODROMO DE INTERLAGOS;98255
IDLES;27/03/2022;2022;AUTODROMO DE INTERLAGOS;98255
MARINA SENA;27/03/2022;2022;AUTODROMO DE INTERLAGOS;98255
THE DRUMS;31/03/2022;2022;AUDIO;2800
LAGUM;02/04/2022;2022;AUDIO;3200
DILSINHO;03/04/2022;2022;EXPO BARRA FUNDA;5000
SORRISO MAROTO;03/04/2022;2022;EXPO BARRA FUNDA;5000
GLORIA GROOVE;03/04/2022;2022;VALE DO ANHANGABAU;
LAGUM;03/04/2022;2022;AUDIO;3200
MAROON 5;05/04/2022;2022;ALLIANZ PARQUE;46881
JAO;05/04/2022;2022;ALLIANZ PARQUE;46881
TITAS;10/04/2022;2022;MEMORIAL DA AMERICA LATINA;20000
VITOR KLEY;10/04/2022;2022;AUDIO;2700
MOLCHAT DOMA;11/04/2022;2022;AUDIO;2800
JAO;14/04/2022;2022;ESPACO DAS AMERICAS;8000
MAIARA & MARAISA;15/04/2022;2022;ESPACO DAS AMERICAS;8000
MARIA BETHANIA;16/04/2022;2022;ESPACO DAS AMERICAS;6000
MAIARA & MARAISA;17/04/2022;2022;ESPACO DAS AMERICAS;7000
NANDO REIS;21/04/2022;2022;MEMORIAL DA AMERICA LATINA;15000
RACIONAIS MC'S;22/04/2022;2022;ESPACO DAS AMERICAS;6000
IVETE SANGALO;23/04/2022;2022;ESPACO DAS AMERICAS;8000
CPM 22;23/04/2022;2022;AUDIO;3200
MAIARA & MARAISA;28/04/2022;2022;VILLA COUNTRY;7500
LULU SANTOS;29/04/2022;2022;ESPACO DAS AMERICAS;6500
KISS;30/04/2022;2022;ALLIANZ PARQUE;45000
CAETANO VELOSO;06/05/2022;2022;ESPACO DAS AMERICAS;8000
CHARLOTTE DE WITTE;06/05/2022;2022;SAMBODROMO DO ANHEMBI;
GLORIA GROOVE;07/05/2022;2022;EXPO CENTER NORTE;4000
PERICLES;07/05/2022;2022;EXPO CENTER NORTE;4000
LAGUM;07/05/2022;2022;EXPO CENTER NORTE;4000
CPM 22;08/05/2022;2022;AUDIO;3200
METALLICA;10/05/2022;2022;ESTADIO DO MORUMBI;55000
SIMONE & SIMARIA;10/05/2022;2022;VILLA COUNTRY;8500
GRETA VAN FLEET;10/05/2022;2022;ESTADIO DO MORUMBI;55000
IZA;14/05/2022;2022;MEMORIAL DA AMERICA LATINA;12000
CAETANO VELOSO;14/05/2022;2022;MEMORIAL DA AMERICA LATINA;12000
GILSONS;14/05/2022;2022;MEMORIAL DA AMERICA LATINA;12000
URIAS;14/05/2022;2022;MEMORIAL DA AMERICA LATINA;12000
TWO DOOR CINEMA CLUB;18/05/2022;2022;AUDIO;2000
THE KOOKS;20/05/2022;2022;ESPACO UNIMED;6000
JOAO GOMES;21/05/2022;2022;ARENA ANHEMBI;2200
TARCISIO DO ACORDEON;21/05/2022;2022;ARENA ANHEMBI;2200
ZE VAQUEIRO;21/05/2022;2022;ARENA ANHEMBI;2200
NATTAN;21/05/2022;2022;ARENA ANHEMBI;2200
XAND AVIAO;21/05/2022;2022;ARENA ANHEMBI;2200
MASEGO;25/05/2022;2022;AUDIO;2500
JAO;27/05/2022;2022;ESPACO UNIMED;8000
LOUIS TOMLINSON;28/05/2022;2022;ESPACO UNIMED;8203
MARCOS & BELUTTI;28/05/2022;2022;SAO PAULO EXPO;6800
TURMA DO PAGODE;28/05/2022;2022;SAO PAULO EXPO;6800
NANDO REIS;28/05/2022;2022;ARENA ANHEMBI;2000
CAPITAL INICIAL;28/05/2022;2022;ARENA ANHEMBI;2000
PITTY;28/05/2022;2022;ARENA ANHEMBI;2000
VITOR KLEY;28/05/2022;2022;VALE DO ANHANGABAU;20000
LOUIS TOMLINSON;29/05/2022;2022;ESPACO UNIMED;0
LUISA SONZA;29/05/2022;2022;VALE DO ANHANGABAU;120000
DJAVAN;04/06/2022;2022;ESPACO UNIMED;7700
ANAVITORIA;09/06/2022;2022;ESPACO UNIMED;8000
NANDO REIS;10/06/2022;2022;VIBRA SAO PAULO;6500
ARMANDINHO;15/06/2022;2022;ESPACO UNIMED;7900
LUISA SONZA;16/06/2022;2022;ARENA ANHEMBI;20000
IVETE SANGALO;16/06/2022;2022;ARENA ANHEMBI;20000
PLAYBOI CARTI;17/06/2022;2022;SAMBODROMO DO ANHEMBI;34000
LUDMILLA;17/06/2022;2022;ARENA ANHEMBI;20000
VEIGH;17/06/2022;2022;SAMBODROMO DO ANHEMBI;34000
PABLLO VITTAR;17/06/2022;2022;ARENA ANHEMBI;20000
GLORIA GROOVE;17/06/2022;2022;ARENA ANHEMBI;20000
KEN CARSON;17/06/2022;2022;SAMBODROMO DO ANHEMBI;34000
DESTROY LONELY;17/06/2022;2022;SAMBODROMO DO ANHEMBI;34000
SOFAYGO;17/06/2022;2022;SAMBODROMO DO ANHEMBI;34000
AJULIACOSTA;17/06/2022;2022;SAMBODROMO DO ANHEMBI;34000
FILIPE RET;18/06/2022;2022;SAMBODROMO DO ANHEMBI;34000
DJONGA;18/06/2022;2022;SAMBODROMO DO ANHEMBI;34000
BK;18/06/2022;2022;SAMBODROMO DO ANHEMBI;34000
CLAUDIA LEITTE;18/06/2022;2022;ARENA ANHEMBI;34000
YUNK VINO;18/06/2022;2022;SAMBODROMO DO ANHEMBI;34000
TRIPPIE REDD;19/06/2022;2022;SAMBODROMO DO ANHEMBI;42000
RACIONAIS MC'S;19/06/2022;2022;SAMBODROMO DO ANHEMBI;42000
OROCHI;19/06/2022;2022;SAMBODROMO DO ANHEMBI;42000
BORGES;19/06/2022;2022;SAMBODROMO DO ANHEMBI;42000
KYAN;19/06/2022;2022;SAMBODROMO DO ANHEMBI;42000
TASHA & TRACIE;19/06/2022;2022;SAMBODROMO DO ANHEMBI;42000
EBONY;19/06/2022;2022;SAMBODROMO DO ANHEMBI;42000
JAO;22/06/2022;2022;TOKIO MARINE HALL;4000
PIXOTE;22/06/2022;2022;TOKIO MARINE HALL;4000
SEU JORGE;22/06/2022;2022;TOKIO MARINE HALL;4000
VITOR KLEY;22/06/2022;2022;TOKIO MARINE HALL;4000
CAETANO VELOSO;24/06/2022;2022;ESPACO UNIMED;8000
FLORA MATOS;24/06/2022;2022;AUDIO;2900
CAETANO VELOSO;25/06/2022;2022;ESPACO UNIMED;8000
JOTA QUEST;02/07/2022;2022;ESPACO UNIMED;8000
PITTY;09/07/2022;2022;AUDIO;0
RAIMUNDOS;17/07/2022;2022;TOKIO MARINE HALL;4000
A-HA;18/07/2022;2022;ESPACO UNIMED;8000
A-HA;19/07/2022;2022;ESPACO UNIMED;8000
MARISA MONTE;21/07/2022;2022;ESPACO UNIMED;8000
MARISA MONTE;22/07/2022;2022;ESPACO UNIMED;7700
MARISA MONTE;23/07/2022;2022;ESPACO UNIMED;8000
MATUE;26/07/2022;2022;VIBRA SAO PAULO;6500
LUDMILLA;26/07/2022;2022;VIBRA SAO PAULO;6500
LUISA SONZA;26/07/2022;2022;VIBRA SAO PAULO;6500
JAO;26/07/2022;2022;VIBRA SAO PAULO;6500
SKANK;26/07/2022;2022;VIBRA SAO PAULO;6500
XAMA;26/07/2022;2022;VIBRA SAO PAULO;0
PEDRO SAMPAIO;26/07/2022;2022;VIBRA SAO PAULO;6500
MARISA MONTE;28/07/2022;2022;ESPACO UNIMED;8000
MARISA MONTE;29/07/2022;2022;ESPACO UNIMED;8000
DENNIS;30/07/2022;2022;ESTADIO DO CANINDE;10000
MARINA SENA;06/08/2022;2022;AUDIO;3200
JAO;14/08/2022;2022;ESPACO UNIMED;8000
ANITTA;19/08/2022;2022;NEO QUIMICA ARENA;50000
GLORIA GROOVE;19/08/2022;2022;NEO QUIMICA ARENA;50000
PAPATINHO;19/08/2022;2022;NEO QUIMICA ARENA;50000
JORGE & MATEUS;20/08/2022;2022;DISTRITO ANHEMBI;45000
ZE NETO & CRISTIANO;20/08/2022;2022;DISTRITO ANHEMBI;45000
LUDMILLA;20/08/2022;2022;DISTRITO ANHEMBI;45000
GUSTAVO MIOTO;20/08/2022;2022;DISTRITO ANHEMBI;45000
MARI FERNANDEZ;20/08/2022;2022;DISTRITO ANHEMBI;45000
JAO;20/08/2022;2022;ESPACO UNIMED;8000
XAND AVIAO;20/08/2022;2022;DISTRITO ANHEMBI;45000
PEDRO SAMPAIO;20/08/2022;2022;DISTRITO ANHEMBI;45000
ROSALIA;22/08/2022;2022;ESPACO UNIMED;8594
MILTON NASCIMENTO;26/08/2022;2022;ESPACO UNIMED;8000
OROCHI;27/08/2022;2022;ESTADIO DO CANINDE;
MC HARIEL;27/08/2022;2022;ESTADIO DO CANINDE;
MILTON NASCIMENTO;27/08/2022;2022;ESPACO UNIMED;8000
DEMI LOVATO;30/08/2022;2022;ESPACO UNIMED;8000
DEMI LOVATO;31/08/2022;2022;ESPACO UNIMED;8000
DREAM THEATER;31/08/2022;2022;TOKIO MARINE HALL;4000
MILTON NASCIMENTO;01/09/2022;2022;ESPACO UNIMED;8000
MILTON NASCIMENTO;02/09/2022;2022;ESPACO UNIMED;8000
BULLET FOR MY VALENTINE;03/09/2022;2022;AUDIO;3200
IRON MAIDEN;04/09/2022;2022;ESTADIO DO MORUMBI;56316
AVRIL LAVIGNE;07/09/2022;2022;ESPACO UNIMED;8000
DUA LIPA;08/09/2022;2022;ARENA ANHEMBI;33921
MANESKIN;09/09/2022;2022;ESPACO UNIMED;7092
BASTILLE;09/09/2022;2022;TOKIO MARINE HALL;
TITAS;10/09/2022;2022;TOKIO MARINE HALL;4000
JORGE BEN JOR;10/09/2022;2022;ESPACO UNIMED;8000
CPM 22;10/09/2022;2022;VIBRA SAO PAULO;6400
ANAVITORIA;11/09/2022;2022;TOKIO MARINE HALL;
GLORIA GROOVE;16/09/2022;2022;ESPACO UNIMED;7838
DJAVAN;16/09/2022;2022;MEMORIAL DA AMERICA LATINA;6500
GILBERTO GIL;16/09/2022;2022;MEMORIAL DA AMERICA LATINA;6500
LINIKER;16/09/2022;2022;MEMORIAL DA AMERICA LATINA;6500
TASHA & TRACIE;16/09/2022;2022;MEMORIAL DA AMERICA LATINA;6500
BK;17/09/2022;2022;MEMORIAL DA AMERICA LATINA;8000
LULU SANTOS;17/09/2022;2022;TOKIO MARINE HALL;3750
ALCEU VALENCA;17/09/2022;2022;MEMORIAL DA AMERICA LATINA;8000
GAL COSTA;17/09/2022;2022;MEMORIAL DA AMERICA LATINA;8000
MARIA BETHANIA;18/09/2022;2022;MEMORIAL DA AMERICA LATINA;13000
MARINA SENA;18/09/2022;2022;MEMORIAL DA AMERICA LATINA;13000
BLACK ALIEN;18/09/2022;2022;MEMORIAL DA AMERICA LATINA;13000
BACO EXU DO BLUES;23/09/2022;2022;AUDIO;3200
GUNS N' ROSES;24/09/2022;2022;ALLIANZ PARQUE;45032
MILTON NASCIMENTO;24/09/2022;2022;ESPACO UNIMED;8000
JORGE DREXLER;24/09/2022;2022;VIBRA SAO PAULO;2960
MILTON NASCIMENTO;25/09/2022;2022;ESPACO UNIMED;8000
TINI;08/10/2022;2022;VIBRA SAO PAULO;7000
DJONGA;08/10/2022;2022;MEMORIAL DA AMERICA LATINA;13000
BK;08/10/2022;2022;MEMORIAL DA AMERICA LATINA;13000
HELLOWEEN;08/10/2022;2022;ESPACO UNIMED;8000
BLACK ALIEN;08/10/2022;2022;MEMORIAL DA AMERICA LATINA;13000
TASHA & TRACIE;08/10/2022;2022;MEMORIAL DA AMERICA LATINA;13000
HELLOWEEN;09/10/2022;2022;ESPACO UNIMED;8000
NIGHTWISH;14/10/2022;2022;ESPACO UNIMED;8000
BEAST IN BLACK;14/10/2022;2022;ESPACO UNIMED;8000
JORGE ARAGAO;15/10/2022;2022;SAMBODROMO DO ANHEMBI;10000
GILSONS;15/10/2022;2022;SAMBODROMO DO ANHEMBI;10000
AIR SUPPLY;16/10/2022;2022;ESPACO UNIMED;6000
NANDO REIS;16/10/2022;2022;SAMBODROMO DO ANHEMBI;10000
DPR IAN;16/10/2022;2022;AUDIO;3100
VANESSA DA MATA;16/10/2022;2022;SAMBODROMO DO ANHEMBI;10000
DIOGO NOGUEIRA;16/10/2022;2022;SAMBODROMO DO ANHEMBI;10000
SKANK;21/10/2022;2022;ESPACO UNIMED;8000
SKANK;22/10/2022;2022;ESPACO UNIMED;8000
BLACK LABEL SOCIETY;23/10/2022;2022;AUDIO;3200
MILTON NASCIMENTO;01/11/2022;2022;ESPACO UNIMED;8000
MILTON NASCIMENTO;03/11/2022;2022;ESPACO UNIMED;8000
BAD GYAL;04/11/2022;2022;AUDIO;
MILTON NASCIMENTO;04/11/2022;2022;ESPACO UNIMED;8000
ARCTIC MONKEYS;05/11/2022;2022;DISTRITO ANHEMBI;45000
MITSKI;05/11/2022;2022;DISTRITO ANHEMBI;45000
ROBERTO CARLOS;05/11/2022;2022;ESPACO UNIMED;3425
MICHAEL BUBLE;05/11/2022;2022;ALLIANZ PARQUE;31000
L7NNON;05/11/2022;2022;DISTRITO ANHEMBI;45000
BEACH HOUSE;05/11/2022;2022;DISTRITO ANHEMBI;45000
BJORK;05/11/2022;2022;DISTRITO ANHEMBI;45000
INTERPOL;05/11/2022;2022;DISTRITO ANHEMBI;45000
RAIMUNDOS;05/11/2022;2022;AUDIO;2500
JOSE GONZALEZ;05/11/2022;2022;DISTRITO ANHEMBI;45000
LUCCAS CARLOS;05/11/2022;2022;DISTRITO ANHEMBI;45000
SEVDALIZA;05/11/2022;2022;DISTRITO ANHEMBI;45000
LINIKER;05/11/2022;2022;DISTRITO ANHEMBI;45000
TASHA & TRACIE;05/11/2022;2022;DISTRITO ANHEMBI;45000
TRAVIS SCOTT;06/11/2022;2022;DISTRITO ANHEMBI;42200
LORDE;06/11/2022;2022;DISTRITO ANHEMBI;42200
ROBERTO CARLOS;06/11/2022;2022;ESPACO UNIMED;3425
MICHAEL BUBLE;06/11/2022;2022;ALLIANZ PARQUE;20429
CHARLI XCX;06/11/2022;2022;DISTRITO ANHEMBI;42200
PHOEBE BRIDGERS;06/11/2022;2022;DISTRITO ANHEMBI;42200
BAD GYAL;06/11/2022;2022;DISTRITO ANHEMBI;42200
JPEGMAFIA;06/11/2022;2022;DISTRITO ANHEMBI;42200
FATHER JOHN MISTY;06/11/2022;2022;DISTRITO ANHEMBI;42200
CAROLINE POLACHEK;06/11/2022;2022;DISTRITO ANHEMBI;42200
ROBERTO CARLOS;09/11/2022;2022;ESPACO UNIMED;3425
CHARLI XCX;09/11/2022;2022;AUDIO;1000
MAIARA & MARAISA;11/11/2022;2022;VIBRA SAO PAULO;3000
JAO;11/11/2022;2022;ESPACO UNIMED;8000
TWENTY ONE PILOTS;12/11/2022;2022;ALLIANZ PARQUE;35000
THE KILLERS;12/11/2022;2022;ALLIANZ PARQUE;35000
BONNIE TYLER;12/11/2022;2022;TOKIO MARINE HALL;3500
ALCEU VALENCA;12/11/2022;2022;ESPACO UNIMED;
KYGO;13/11/2022;2022;ESPACO UNIMED;8000
ROBERTO CARLOS;17/11/2022;2022;ESPACO UNIMED;3425
CAPITAL INICIAL;18/11/2022;2022;ESPACO UNIMED;8000
IVETE SANGALO;18/11/2022;2022;TOKIO MARINE HALL;3000
OS PARALAMAS DO SUCESSO;19/11/2022;2022;VIBRA SAO PAULO;5000
IVETE SANGALO;19/11/2022;2022;ARENA ANHEMBI;30000
MARINA SENA;19/11/2022;2022;ARENA ANHEMBI;30000
GUSTAVO MIOTO;24/11/2022;2022;VALE DO ANHANGABAU;40000
LEO SANTANA;24/11/2022;2022;VALE DO ANHANGABAU;40000
CAETANO VELOSO;25/11/2022;2022;ESPACO UNIMED;8000
GUSTTAVO LIMA;26/11/2022;2022;ALLIANZ PARQUE;49250
MAIARA & MARAISA;26/11/2022;2022;ALLIANZ PARQUE;49250
CAETANO VELOSO;26/11/2022;2022;ESPACO UNIMED;8000
CAETANO VELOSO;27/11/2022;2022;ESPACO UNIMED;8000
RUSS;01/12/2022;2022;AUDIO;2700
ZE RAMALHO;03/12/2022;2022;TOKIO MARINE HALL;3600
IZA;04/12/2022;2022;MEMORIAL DA AMERICA LATINA;10000
THE ROSE;04/12/2022;2022;ESPACO UNIMED;8000
TITAS;04/12/2022;2022;TOKIO MARINE HALL;4000
MATHEUS & KAUAN;05/12/2022;2022;VALE DO ANHANGABAU;
HARRY STYLES;06/12/2022;2022;ALLIANZ PARQUE;45670
EROS RAMAZZOTTI;09/12/2022;2022;VIBRA SAO PAULO;
LUDMILLA;10/12/2022;2022;NEO QUIMICA ARENA;10000
BRUNO & MARRONE;10/12/2022;2022;ALLIANZ PARQUE;45000
ZEZE DI CAMARGO & LUCIANO;10/12/2022;2022;ALLIANZ PARQUE;45000
EDUARDO COSTA;10/12/2022;2022;ALLIANZ PARQUE;45000
CHITAOZINHO & XORORO;10/12/2022;2022;ALLIANZ PARQUE;45000
URIAS;10/12/2022;2022;NEO QUIMICA ARENA;10000
MU540;10/12/2022;2022;NEO QUIMICA ARENA;10000
JAO;11/12/2022;2022;NOVO ANHANGABAU;50000
FLEET FOXES;11/12/2022;2022;TOKIO MARINE HALL;4000
HARRY STYLES;13/12/2022;2022;ALLIANZ PARQUE;45669
HARRY STYLES;14/12/2022;2022;ALLIANZ PARQUE;45669
PEDRO SAMPAIO;14/12/2022;2022;AUDIO;2800
PANTERA;15/12/2022;2022;VIBRA SAO PAULO;7000
JUDAS PRIEST;15/12/2022;2022;VIBRA SAO PAULO;7000
BRING ME THE HORIZON;16/12/2022;2022;VIBRA SAO PAULO;4000
JORGE & MATEUS;17/12/2022;2022;NOVO ANHANGABAU;45000
WESLEY SAFADAO;17/12/2022;2022;NOVO ANHANGABAU;45000
PEDRO SAMPAIO;17/12/2022;2022;NOVO ANHANGABAU;45000
SLIPKNOT;18/12/2022;2022;SAMBODROMO DO ANHEMBI;45000
BRING ME THE HORIZON;18/12/2022;2022;SAMBODROMO DO ANHEMBI;45000
PANTERA;18/12/2022;2022;SAMBODROMO DO ANHEMBI;45000
JUDAS PRIEST;18/12/2022;2022;SAMBODROMO DO ANHEMBI;45000
SEPULTURA;18/12/2022;2022;SAMBODROMO DO ANHEMBI;45000
TRIVIUM;18/12/2022;2022;SAMBODROMO DO ANHEMBI;45000
DANIEL;21/12/2022;2022;VIBRA SAO PAULO;7000
LUDMILLA;23/12/2022;2022;ESPACO UNIMED;7800
MC LIVINHO;23/12/2022;2022;ESPACO UNIMED;7800
MC HARIEL;23/12/2022;2022;ESPACO UNIMED;7800
MC DON JUAN;23/12/2022;2022;ESPACO UNIMED;7800
ROUPA NOVA;14/01/2023;2023;VIBRA SAO PAULO;
ANITTA;15/01/2023;2023;MEMORIAL DA AMERICA LATINA;25000
FILIPE RET;15/01/2023;2023;MEMORIAL DA AMERICA LATINA;25000
GLORIA GROOVE;15/01/2023;2023;MEMORIAL DA AMERICA LATINA;25000
XAND AVIAO;15/01/2023;2023;MEMORIAL DA AMERICA LATINA;25000
NCT 127;18/01/2023;2023;VIBRA SAO PAULO;7000
JACK JOHNSON;18/01/2023;2023;ESPACO UNIMED;8000
NCT 127;19/01/2023;2023;VIBRA SAO PAULO;7000
NCT 127;20/01/2023;2023;VIBRA SAO PAULO;7000
EMICIDA;20/01/2023;2023;ESPACO UNIMED;8000
ERYKAH BADU;21/01/2023;2023;MEMORIAL DA AMERICA LATINA;12000
JOAO GOMES;25/01/2023;2023;VALE DO ANHANGABAU;30000
NANDO REIS;25/01/2023;2023;CENTRO CULTURAL SAO PAULO;
BELO;25/01/2023;2023;VALE DO ANHANGABAU;30000
BACKSTREET BOYS;27/01/2023;2023;ALLIANZ PARQUE;46000
LUISA SONZA;27/01/2023;2023;ESPACO UNIMED;8000
BACKSTREET BOYS;28/01/2023;2023;ALLIANZ PARQUE;45340
BK;28/01/2023;2023;AUDIO;2500
LUISA SONZA;04/02/2023;2023;ALLIANZ PARQUE;20000
GLORIA GROOVE;04/02/2023;2023;ALLIANZ PARQUE;20000
SEU JORGE;04/02/2023;2023;ESPACO UNIMED;8000
CLAUDIA LEITTE;04/02/2023;2023;ALLIANZ PARQUE;20000
DUBDOGZ;04/02/2023;2023;ALLIANZ PARQUE;20000
LP;08/02/2023;2023;AUDIO;2800
SUPER JUNIOR;09/02/2023;2023;ESPACO UNIMED;7950
EMICIDA;10/02/2023;2023;ESPACO UNIMED;7000
ANITTA;11/02/2023;2023;MEMORIAL DA AMERICA LATINA;25000
PABLLO VITTAR;11/02/2023;2023;MEMORIAL DA AMERICA LATINA;25000
MARI FERNANDEZ;11/02/2023;2023;MEMORIAL DA AMERICA LATINA;25000
JAO;11/02/2023;2023;MEMORIAL DA AMERICA LATINA;25000
EMICIDA;12/02/2023;2023;ESPACO UNIMED;8000
THIAGUINHO;18/02/2023;2023;JOCKEY CLUB;7000
NATTAN;18/02/2023;2023;JOCKEY CLUB;7000
DENNIS;18/02/2023;2023;JOCKEY CLUB;7000
GRUPO MENOS E MAIS;19/02/2023;2023;JOCKEY CLUB;10000
MARI FERNANDEZ;19/02/2023;2023;JOCKEY CLUB;10000
PEDRO SAMPAIO;19/02/2023;2023;JOCKEY CLUB;10000
ALOK;20/02/2023;2023;JOCKEY CLUB;4000
LEO SANTANA;20/02/2023;2023;JOCKEY CLUB;4000
JORGE & MATEUS;21/02/2023;2023;JOCKEY CLUB;7000
ANITTA;21/02/2023;2023;JOCKEY CLUB;7000
XAND AVIAO;21/02/2023;2023;JOCKEY CLUB;7000
IVETE SANGALO;25/02/2023;2023;SAMBODROMO DO ANHEMBI;25000
IMAGINE DRAGONS;28/02/2023;2023;ALLIANZ PARQUE;49085
BIG TIME RUSH;03/03/2023;2023;ESPACO UNIMED;8000
JOTA QUEST;04/03/2023;2023;ESPACO UNIMED;7700
CHICO BUARQUE;04/03/2023;2023;TOKIO MARINE HALL;4000
CHICO BUARQUE;05/03/2023;2023;TOKIO MARINE HALL;4000
MOTLEY CRUE;07/03/2023;2023;ALLIANZ PARQUE;30000
DEF LEPPARD;07/03/2023;2023;ALLIANZ PARQUE;30000
COLDPLAY;10/03/2023;2023;ESTADIO DO MORUMBI;73275
COLDPLAY;11/03/2023;2023;ESTADIO DO MORUMBI;73275
WIU;12/03/2023;2023;AUDIO;3200
COLDPLAY;13/03/2023;2023;ESTADIO DO MORUMBI;73275
COLDPLAY;14/03/2023;2023;ESTADIO DO MORUMBI;73276
THE BLACK CROWES;14/03/2023;2023;ESPACO UNIMED;7000
COLDPLAY;17/03/2023;2023;ESTADIO DO MORUMBI;73275
SKANK;17/03/2023;2023;ESPACO UNIMED;8000
COLDPLAY;18/03/2023;2023;ESTADIO DO MORUMBI;73275
SKANK;18/03/2023;2023;ESPACO UNIMED;8000
LUDOVICO EINAUDI;19/03/2023;2023;VIBRA SAO PAULO;4000
SKANK;19/03/2023;2023;ESPACO UNIMED;8000
BILLIE EILISH;24/03/2023;2023;AUTODROMO DE INTERLAGOS;103350
CONAN GRAY;24/03/2023;2023;AUTODROMO DE INTERLAGOS;103350
LIL NAS X;24/03/2023;2023;AUTODROMO DE INTERLAGOS;103350
KALI UCHIS;24/03/2023;2023;AUTODROMO DE INTERLAGOS;103350
ANAVITORIA;24/03/2023;2023;AUTODROMO DE INTERLAGOS;103350
MOTHER MOTHER;24/03/2023;2023;AUTODROMO DE INTERLAGOS;103350
PEDRO SAMPAIO;24/03/2023;2023;AUTODROMO DE INTERLAGOS;103350
RISE AGAINST;24/03/2023;2023;AUTODROMO DE INTERLAGOS;103350
MODEST MOUSE;24/03/2023;2023;AUTODROMO DE INTERLAGOS;103350
SUKI WATERHOUSE;24/03/2023;2023;AUTODROMO DE INTERLAGOS;103350
POLO & PAN;24/03/2023;2023;AUTODROMO DE INTERLAGOS;103350
BLACK ALIEN;24/03/2023;2023;AUTODROMO DE INTERLAGOS;103350
JOHN SUMMIT;24/03/2023;2023;AUTODROMO DE INTERLAGOS;103350
CLAPTONE;24/03/2023;2023;AUTODROMO DE INTERLAGOS;103350
GORGON CITY;24/03/2023;2023;AUTODROMO DE INTERLAGOS;103350
TWENTY ONE PILOTS;25/03/2023;2023;AUTODROMO DE INTERLAGOS;98500
MELANIE MARTINEZ;25/03/2023;2023;AUTODROMO DE INTERLAGOS;98500
TAME IMPALA;25/03/2023;2023;AUTODROMO DE INTERLAGOS;98500
FILIPE RET;25/03/2023;2023;AUTODROMO DE INTERLAGOS;98500
LUDMILLA;25/03/2023;2023;AUTODROMO DE INTERLAGOS;98500
THE 1975;25/03/2023;2023;AUTODROMO DE INTERLAGOS;98500
YUNGBLUD;25/03/2023;2023;AUTODROMO DE INTERLAGOS;98500
WALLOWS;25/03/2023;2023;AUTODROMO DE INTERLAGOS;98500
PITTY;25/03/2023;2023;AUTODROMO DE INTERLAGOS;98500
CHICO BUARQUE;25/03/2023;2023;TOKIO MARINE HALL;4000
JAMIE XX;25/03/2023;2023;AUTODROMO DE INTERLAGOS;98500
SOFI TUKKER;25/03/2023;2023;AUTODROMO DE INTERLAGOS;98500
PURPLE DISCO MACHINE;25/03/2023;2023;AUTODROMO DE INTERLAGOS;98500
CAROL BIAZIN;25/03/2023;2023;AUTODROMO DE INTERLAGOS;98500
GILSONS;25/03/2023;2023;AUTODROMO DE INTERLAGOS;98500
CIGARETTES AFTER SEX;26/03/2023;2023;AUTODROMO DE INTERLAGOS;100750
ROSALIA;26/03/2023;2023;AUTODROMO DE INTERLAGOS;100750
SKRILLEX;26/03/2023;2023;AUTODROMO DE INTERLAGOS;100750
L7NNON;26/03/2023;2023;AUTODROMO DE INTERLAGOS;100750
AURORA;26/03/2023;2023;AUTODROMO DE INTERLAGOS;100750
ARMIN VAN BUUREN;26/03/2023;2023;AUTODROMO DE INTERLAGOS;100750
BACO EXU DO BLUES;26/03/2023;2023;AUTODROMO DE INTERLAGOS;100750
TOVE LO;26/03/2023;2023;AUTODROMO DE INTERLAGOS;100750
THE ROSE;26/03/2023;2023;AUTODROMO DE INTERLAGOS;100750
OS PARALAMAS DO SUCESSO;26/03/2023;2023;AUTODROMO DE INTERLAGOS;100750
FRED AGAIN..;26/03/2023;2023;AUTODROMO DE INTERLAGOS;100750
DUBDOGZ;26/03/2023;2023;AUTODROMO DE INTERLAGOS;100750
CIGARETTES AFTER SEX;27/03/2023;2023;AUDIO;3900
TOVE LO;28/03/2023;2023;AUDIO;3200
CHICO BUARQUE;30/03/2023;2023;TOKIO MARINE HALL;4000
LUISA SONZA;01/04/2023;2023;VALE DO ANHANGABAU;
WU-TANG CLAN;02/04/2023;2023;ESPACO UNIMED;7500
BK;02/04/2023;2023;ESPACO UNIMED;7500
TASHA & TRACIE;02/04/2023;2023;ESPACO UNIMED;7500
GUSTAVO MIOTO;06/04/2023;2023;VIBRA SAO PAULO;7000
CHICO BUARQUE;07/04/2023;2023;TOKIO MARINE HALL;4000
PIERCE THE VEIL;09/04/2023;2023;AUDIO;3000
ALCEU VALENCA;20/04/2023;2023;ESPACO UNIMED;7200
FALAMANSA;20/04/2023;2023;ESPACO UNIMED;7200
ALAN WALKER;21/04/2023;2023;VALE DO ANHANGABAU;20000
MARSHMELLO;21/04/2023;2023;VALE DO ANHANGABAU;20000
TIMMY TRUMPET;21/04/2023;2023;VALE DO ANHANGABAU;20000
OLIVER HELDENS;21/04/2023;2023;VALE DO ANHANGABAU;20000
KISS;22/04/2023;2023;ALLIANZ PARQUE;50000
DJ SNAKE;22/04/2023;2023;VALE DO ANHANGABAU;20000
SCORPIONS;22/04/2023;2023;ALLIANZ PARQUE;50000
DEEP PURPLE;22/04/2023;2023;ALLIANZ PARQUE;50000
NICKY ROMERO;22/04/2023;2023;VALE DO ANHANGABAU;20000
AXWELL;22/04/2023;2023;VALE DO ANHANGABAU;20000
HELLOWEEN;22/04/2023;2023;ALLIANZ PARQUE;50000
ABOVE & BEYOND;22/04/2023;2023;VALE DO ANHANGABAU;20000
VINI VICI;22/04/2023;2023;VALE DO ANHANGABAU;20000
VITOR KLEY;23/04/2023;2023;AUDIO;2500
PERICLES;28/04/2023;2023;ESPACO UNIMED;
STONE TEMPLE PILOTS;29/04/2023;2023;MEMORIAL DA AMERICA LATINA;12500
SKID ROW;29/04/2023;2023;MEMORIAL DA AMERICA LATINA;12500
SEPULTURA;29/04/2023;2023;MEMORIAL DA AMERICA LATINA;12500
LAMB OF GOD;29/04/2023;2023;MEMORIAL DA AMERICA LATINA;12500
APOCALYPTICA;29/04/2023;2023;MEMORIAL DA AMERICA LATINA;12500
JOAO GOMES;30/04/2023;2023;SAMBODROMO DO ANHEMBI;20000
TARCISIO DO ACORDEON;30/04/2023;2023;SAMBODROMO DO ANHEMBI;20000
LUISA SONZA;30/04/2023;2023;SAMBODROMO DO ANHEMBI;20000
MARI FERNANDEZ;30/04/2023;2023;SAMBODROMO DO ANHEMBI;20000
NATTAN;30/04/2023;2023;SAMBODROMO DO ANHEMBI;20000
XAND AVIAO;30/04/2023;2023;SAMBODROMO DO ANHEMBI;20000
VITOR FERNANDES;30/04/2023;2023;SAMBODROMO DO ANHEMBI;20000
PARKWAY DRIVE;30/04/2023;2023;MEMORIAL DA AMERICA LATINA;7000
BEAST IN BLACK;30/04/2023;2023;MEMORIAL DA AMERICA LATINA;7000
ALICIA KEYS;05/05/2023;2023;ALLIANZ PARQUE;50000
EDSON & HUDSON;05/05/2023;2023;ESPACO UNIMED;8000
MARINA SENA;05/05/2023;2023;AUDIO;3200
MATUE;06/05/2023;2023;DISTRITO ANHEMBI;40000
WIZ KHALIFA;06/05/2023;2023;DISTRITO ANHEMBI;40000
MC CABELINHO;06/05/2023;2023;DISTRITO ANHEMBI;40000
FILIPE RET;06/05/2023;2023;DISTRITO ANHEMBI;40000
OROCHI;06/05/2023;2023;DISTRITO ANHEMBI;40000
LEGIAO URBANA;06/05/2023;2023;ESPACO UNIMED;7700
TETO;06/05/2023;2023;DISTRITO ANHEMBI;40000
GLORIA GROOVE;06/05/2023;2023;DISTRITO ANHEMBI;40000
ARMANDINHO;06/05/2023;2023;DISTRITO ANHEMBI;40000
LOURENA;06/05/2023;2023;DISTRITO ANHEMBI;40000
TASHA & TRACIE;06/05/2023;2023;DISTRITO ANHEMBI;40000
ICE CUBE;07/05/2023;2023;DISTRITO ANHEMBI;25000
CHASE ATLANTIC;07/05/2023;2023;DISTRITO ANHEMBI;25000
RACIONAIS MC'S;07/05/2023;2023;DISTRITO ANHEMBI;25000
CHASE ATLANTIC;09/05/2023;2023;AUDIO;3200
BACO EXU DO BLUES;12/05/2023;2023;ESPACO UNIMED;7500
DANIEL;14/05/2023;2023;VIBRA SAO PAULO;7000
JACKSON WANG;15/05/2023;2023;ESPACO UNIMED;6124
DANIEL;19/05/2023;2023;VIBRA SAO PAULO;7000
DJAVAN;20/05/2023;2023;ESPACO UNIMED;7000
GLORIA GROOVE;27/05/2023;2023;VALE DO ANHANGABAU;20000
ZE RAMALHO;27/05/2023;2023;ESPACO UNIMED;7000
TIAGO IORC;27/05/2023;2023;VIBRA SAO PAULO;6800
IZA;28/05/2023;2023;VALE DO ANHANGABAU;
ALCEU VALENCA;28/05/2023;2023;VALE DO ANHANGABAU;
PABLLO VITTAR;02/06/2023;2023;KOMPLEXO TEMPO;12000
URIAS;02/06/2023;2023;KOMPLEXO TEMPO;12000
LANA DEL REY;03/06/2023;2023;NOVO ANHANGABAU;80000
NATIRUTS;03/06/2023;2023;NOVO ANHANGABAU;80000
DJONGA;03/06/2023;2023;NOVO ANHANGABAU;80000
FLUME;03/06/2023;2023;NOVO ANHANGABAU;80000
LULU SANTOS;03/06/2023;2023;ESPACO UNIMED;0
BADBADNOTGOOD;03/06/2023;2023;NOVO ANHANGABAU;80000
SABRINA CARPENTER;04/06/2023;2023;NOVO ANHANGABAU;30000
FLORENCE + THE MACHINE;04/06/2023;2023;NOVO ANHANGABAU;30000
CAPITAL INICIAL;04/06/2023;2023;NOVO ANHANGABAU;30000
HAIM;04/06/2023;2023;NOVO ANHANGABAU;30000
IVETE SANGALO;08/06/2023;2023;SAMBODROMO DO ANHEMBI;17000
CLAUDIA LEITTE;08/06/2023;2023;SAMBODROMO DO ANHEMBI;17000
GLORIA GROOVE;09/06/2023;2023;SAMBODROMO DO ANHEMBI;17000
PABLLO VITTAR;10/06/2023;2023;SAMBODROMO DO ANHEMBI;50000
CLAUDIA LEITTE;10/06/2023;2023;SAMBODROMO DO ANHEMBI;50000
MARINA SENA;10/06/2023;2023;VALE DO ANHANGABAU;20000
LINIKER;10/06/2023;2023;VALE DO ANHANGABAU;20000
TITAS;16/06/2023;2023;ALLIANZ PARQUE;50000
MARCELO D2;16/06/2023;2023;AUDIO;
TITAS;17/06/2023;2023;ALLIANZ PARQUE;50000
TITAS;18/06/2023;2023;ALLIANZ PARQUE;50000
CHITAOZINHO & XORORO;23/06/2023;2023;ESPACO UNIMED;8000
CHITAOZINHO & XORORO;24/06/2023;2023;ESPACO UNIMED;8000
TITAS;27/06/2023;2023;VIBRA SAO PAULO;7000
RAIMUNDOS;29/06/2023;2023;AUDIO;3200
PERICLES;30/06/2023;2023;AUDIO;
LAGUM;30/06/2023;2023;ESPACO UNIMED;8000
NCT DREAM;04/07/2023;2023;VIBRA SAO PAULO;6600
CNCO;05/07/2023;2023;AUDIO;3200
ROBERTO CARLOS;07/07/2023;2023;VIBRA SAO PAULO;7000
JEFF SATUR;07/07/2023;2023;ESPACO UNIMED;8000
ROBERTO CARLOS;08/07/2023;2023;VIBRA SAO PAULO;7000
MARISA MONTE;14/07/2023;2023;ESPACO UNIMED;7500
MARISA MONTE;15/07/2023;2023;ESPACO UNIMED;7700
MARISA MONTE;21/07/2023;2023;ESPACO UNIMED;7400
P1HARMONY;21/07/2023;2023;TOKIO MARINE HALL;4000
MARISA MONTE;22/07/2023;2023;ESPACO UNIMED;7500
5 SECONDS OF SUMMER;25/07/2023;2023;ESPACO UNIMED;8000
ALCEU VALENCA;28/07/2023;2023;CENTRO DE TRADICOES NORDESTINAS;60000
FALAMANSA;28/07/2023;2023;CENTRO DE TRADICOES NORDESTINAS;60000
ZEZE DI CAMARGO & LUCIANO;04/08/2023;2023;ESPACO UNIMED;7600
RACA NEGRA;04/08/2023;2023;GINASIO DO IBIRAPUERA;10000
LEO SANTANA;06/08/2023;2023;GINASIO DO IBIRAPUERA;10000
LEONARDO;06/08/2023;2023;GINASIO DO IBIRAPUERA;10000
ALCEU VALENCA;06/08/2023;2023;GINASIO DO IBIRAPUERA;10000
ZE NETO & CRISTIANO;19/08/2023;2023;SAMBODROMO DO ANHEMBI;90000
MAIARA & MARAISA;19/08/2023;2023;SAMBODROMO DO ANHEMBI;90000
ANA CASTELA;19/08/2023;2023;SAMBODROMO DO ANHEMBI;90000
JOAO GOMES;19/08/2023;2023;SAMBODROMO DO ANHEMBI;90000
GUSTAVO MIOTO;19/08/2023;2023;SAMBODROMO DO ANHEMBI;90000
BRUNO & MARRONE;19/08/2023;2023;SAMBODROMO DO ANHEMBI;90000
MARI FERNANDEZ;19/08/2023;2023;SAMBODROMO DO ANHEMBI;90000
PEDRO SAMPAIO;19/08/2023;2023;SAMBODROMO DO ANHEMBI;90000
CALUM SCOTT;25/08/2023;2023;VIBRA SAO PAULO;
CAETANO VELOSO;25/08/2023;2023;ESPACO UNIMED;8000
ATEEZ;26/08/2023;2023;ALLIANZ PARQUE;30000
CAETANO VELOSO;26/08/2023;2023;ESPACO UNIMED;8000
DILSINHO;01/09/2023;2023;ESPACO UNIMED;7850
POST MALONE;02/09/2023;2023;AUTODROMO DE INTERLAGOS;100000
DEMI LOVATO;02/09/2023;2023;AUTODROMO DE INTERLAGOS;100000
RACIONAIS MC'S;02/09/2023;2023;AUTODROMO DE INTERLAGOS;100000
OROCHI;02/09/2023;2023;AUTODROMO DE INTERLAGOS;100000
MC HARIEL;02/09/2023;2023;AUTODROMO DE INTERLAGOS;100000
IGGY AZALEA;02/09/2023;2023;AUTODROMO DE INTERLAGOS;100000
TETO;02/09/2023;2023;AUTODROMO DE INTERLAGOS;100000
KAYBLACK;02/09/2023;2023;AUTODROMO DE INTERLAGOS;100000
CAIO LUCCAS;02/09/2023;2023;AUTODROMO DE INTERLAGOS;100000
TASHA & TRACIE;02/09/2023;2023;AUTODROMO DE INTERLAGOS;100000
URIAS;02/09/2023;2023;AUTODROMO DE INTERLAGOS;100000
BRUNO MARS;03/09/2023;2023;AUTODROMO DE INTERLAGOS;100000
MATUE;03/09/2023;2023;AUTODROMO DE INTERLAGOS;100000
ALOK;03/09/2023;2023;AUTODROMO DE INTERLAGOS;100000
BEBE REXHA;03/09/2023;2023;AUTODROMO DE INTERLAGOS;100000
LUISA SONZA;03/09/2023;2023;AUTODROMO DE INTERLAGOS;100000
VEIGH;03/09/2023;2023;AUTODROMO DE INTERLAGOS;100000
WIU;03/09/2023;2023;AUTODROMO DE INTERLAGOS;100000
LEON BRIDGES;03/09/2023;2023;AUTODROMO DE INTERLAGOS;100000
SEU JORGE;03/09/2023;2023;AUTODROMO DE INTERLAGOS;100000
PAUL KALKBRENNER;03/09/2023;2023;AUTODROMO DE INTERLAGOS;100000
LUCCAS CARLOS;03/09/2023;2023;AUTODROMO DE INTERLAGOS;100000
MAROON 5;07/09/2023;2023;AUTODROMO DE INTERLAGOS;100000
THE CHAINSMOKERS;07/09/2023;2023;AUTODROMO DE INTERLAGOS;100000
NE-YO;07/09/2023;2023;AUTODROMO DE INTERLAGOS;100000
LUDMILLA;07/09/2023;2023;AUTODROMO DE INTERLAGOS;100000
MASEGO;07/09/2023;2023;AUTODROMO DE INTERLAGOS;100000
MARIA RITA;07/09/2023;2023;AUTODROMO DE INTERLAGOS;100000
MARVVILA;07/09/2023;2023;AUTODROMO DE INTERLAGOS;100000
FOO FIGHTERS;09/09/2023;2023;AUTODROMO DE INTERLAGOS;100000
MC DON JUAN;09/09/2023;2023;AUTODROMO DE INTERLAGOS;100000
PITTY;09/09/2023;2023;AUTODROMO DE INTERLAGOS;100000
YEAH YEAH YEAHS;09/09/2023;2023;AUTODROMO DE INTERLAGOS;100000
GARBAGE;09/09/2023;2023;AUTODROMO DE INTERLAGOS;100000
YUNK VINO;09/09/2023;2023;AUTODROMO DE INTERLAGOS;100000
WET LEG;09/09/2023;2023;AUTODROMO DE INTERLAGOS;100000
BRUNO MARS;10/09/2023;2023;AUTODROMO DE INTERLAGOS;100000
H.E.R.;10/09/2023;2023;AUTODROMO DE INTERLAGOS;100000
IZA;10/09/2023;2023;AUTODROMO DE INTERLAGOS;100000
PABLLO VITTAR;10/09/2023;2023;AUTODROMO DE INTERLAGOS;100000
GLORIA GROOVE;10/09/2023;2023;AUTODROMO DE INTERLAGOS;100000
JAO;10/09/2023;2023;AUTODROMO DE INTERLAGOS;100000
KIM PETRAS;10/09/2023;2023;AUTODROMO DE INTERLAGOS;100000
MARINA SENA;10/09/2023;2023;AUTODROMO DE INTERLAGOS;100000
AESPA;11/09/2023;2023;ESPACO UNIMED;8000
GILBERTO GIL;14/09/2023;2023;ESPACO UNIMED;7700
PERICLES;15/09/2023;2023;MEMORIAL DA AMERICA LATINA;4000
EDSON & HUDSON;15/09/2023;2023;VILLA COUNTRY;10000
GILBERTO GIL;15/09/2023;2023;ESPACO UNIMED;7900
GILBERTO GIL;16/09/2023;2023;ESPACO UNIMED;7500
FLORA MATOS;16/09/2023;2023;AUDIO;
JORGE BEN JOR;17/09/2023;2023;MEMORIAL DA AMERICA LATINA;0
GHOST;20/09/2023;2023;ESPACO UNIMED;8000
GHOST;21/09/2023;2023;ESPACO UNIMED;8000
LYNYRD SKYNYRD;22/09/2023;2023;ESPACO UNIMED;7000
LEGIAO URBANA;23/09/2023;2023;DISTRITO ANHEMBI;15000
NANDO REIS;23/09/2023;2023;DISTRITO ANHEMBI;15000
OS PARALAMAS DO SUCESSO;23/09/2023;2023;ARENA ANHEMBI;15000
PITTY;23/09/2023;2023;DISTRITO ANHEMBI;15000
CPM 22;23/09/2023;2023;DISTRITO ANHEMBI;15000
ROD STEWART;30/09/2023;2023;ALLIANZ PARQUE;30160
IVETE SANGALO;30/09/2023;2023;ALLIANZ PARQUE;30160
RAIMUNDOS;06/10/2023;2023;VIBRA SAO PAULO;7000
JOTA QUEST;08/10/2023;2023;VIBRA SAO PAULO;6000
THE WEEKND;10/10/2023;2023;ALLIANZ PARQUE;48000
KAYTRANADA;10/10/2023;2023;ALLIANZ PARQUE;48000
THE WEEKND;11/10/2023;2023;ALLIANZ PARQUE;48000
RACA NEGRA;11/10/2023;2023;ESPACO UNIMED;8000
KAYTRANADA;11/10/2023;2023;ALLIANZ PARQUE;48000
EVANESCENCE;21/10/2023;2023;ALLIANZ PARQUE;40000
JORGE BEN JOR;21/10/2023;2023;ESPACO UNIMED;8000
ROBERTO CARLOS;26/10/2023;2023;ESPACO UNIMED;8000
ROBERTO CARLOS;28/10/2023;2023;ESPACO UNIMED;8000
ROBERTO CARLOS;29/10/2023;2023;ESPACO UNIMED;8000
MANESKIN;03/11/2023;2023;ESPACO UNIMED;7912
HALSEY;04/11/2023;2023;ALLIANZ PARQUE;35000
MGK;04/11/2023;2023;ALLIANZ PARQUE;35000
SWEDISH HOUSE MAFIA;04/11/2023;2023;ALLIANZ PARQUE;35000
ALCEU VALENCA;04/11/2023;2023;TOKIO MARINE HALL;3000
KENDRICK LAMAR;05/11/2023;2023;ALLIANZ PARQUE;40000
THE LUMINEERS;05/11/2023;2023;ESPACO UNIMED;7000
IZA;05/11/2023;2023;ALLIANZ PARQUE;40000
THUNDERCAT;05/11/2023;2023;ALLIANZ PARQUE;40000
SOFI TUKKER;05/11/2023;2023;ALLIANZ PARQUE;40000
TASHA & TRACIE;05/11/2023;2023;ALLIANZ PARQUE;40000
EMICIDA;08/11/2023;2023;EXPO CENTER NORTE;0
ALTER BRIDGE;08/11/2023;2023;ESPACO UNIMED;7800
IN FLAMES;09/11/2023;2023;TOKIO MARINE HALL;2500
JORGE DREXLER;09/11/2023;2023;ESPACO UNIMED;3000
RED HOT CHILI PEPPERS;10/11/2023;2023;ESTADIO DO MORUMBI;71239
PABLLO VITTAR;10/11/2023;2023;VIBRA SAO PAULO;5600
LULU SANTOS;10/11/2023;2023;TOKIO MARINE HALL;3800
URIAS;10/11/2023;2023;VIBRA SAO PAULO;5600
RBD;12/11/2023;2023;ESTADIO DO MORUMBI;54316
RBD;13/11/2023;2023;ESTADIO DO MORUMBI;54316
ALANIS MORISSETTE;14/11/2023;2023;ALLIANZ PARQUE;50000
PITTY;14/11/2023;2023;ALLIANZ PARQUE;50000
GOJIRA;14/11/2023;2023;ESPACO UNIMED;8000
RBD;16/11/2023;2023;ALLIANZ PARQUE;54316
GLORIA GROOVE;17/11/2023;2023;ESPACO UNIMED;8000
OS PARALAMAS DO SUCESSO;17/11/2023;2023;VIBRA SAO PAULO;7000
RBD;17/11/2023;2023;ALLIANZ PARQUE;54316
RBD;18/11/2023;2023;ALLIANZ PARQUE;54316
DIANA KRALL;18/11/2023;2023;TOKIO MARINE HALL;4000
RBD;19/11/2023;2023;ALLIANZ PARQUE;54316
TAYLOR SWIFT;24/11/2023;2023;ALLIANZ PARQUE;50000
SABRINA CARPENTER;24/11/2023;2023;ALLIANZ PARQUE;50000
TAYLOR SWIFT;25/11/2023;2023;ALLIANZ PARQUE;50000
SABRINA CARPENTER;25/11/2023;2023;ALLIANZ PARQUE;50000
CAETANO VELOSO;25/11/2023;2023;ESPACO UNIMED;8000
TAYLOR SWIFT;26/11/2023;2023;ALLIANZ PARQUE;50000
SABRINA CARPENTER;26/11/2023;2023;ALLIANZ PARQUE;50000
CAETANO VELOSO;27/11/2023;2023;ESPACO UNIMED;8000
FKJ;29/11/2023;2023;AUDIO;
THE KILLERS;30/11/2023;2023;TOKIO MARINE HALL;4000
THE KILLERS;02/12/2023;2023;AUTODROMO DE INTERLAGOS;50000
MARISA MONTE;02/12/2023;2023;AUTODROMO DE INTERLAGOS;50000
PET SHOP BOYS;02/12/2023;2023;AUTODROMO DE INTERLAGOS;50000
SLOWDIVE;02/12/2023;2023;AUTODROMO DE INTERLAGOS;50000
THE HIVES;02/12/2023;2023;AUTODROMO DE INTERLAGOS;50000
ANAVITORIA;03/12/2023;2023;ESPACO UNIMED;7000
THE CURE;03/12/2023;2023;AUTODROMO DE INTERLAGOS;50000
CARLY RAE JEPSEN;03/12/2023;2023;AUTODROMO DE INTERLAGOS;50000
BECK;03/12/2023;2023;AUTODROMO DE INTERLAGOS;50000
MARINA SENA;03/12/2023;2023;AUTODROMO DE INTERLAGOS;50000
MU540;03/12/2023;2023;AUTODROMO DE INTERLAGOS;50000
BAD RELIGION;03/12/2023;2023;AUTODROMO DE INTERLAGOS;50000
PET SHOP BOYS;04/12/2023;2023;AUDIO;3200
GLORIA GROOVE;05/12/2023;2023;TRANSAMERICA EXPO CENTER;
PAUL MCCARTNEY;07/12/2023;2023;ALLIANZ PARQUE;49742
COLBIE CAILLAT;07/12/2023;2023;VIBRA SAO PAULO;
WESLEY SAFADAO;09/12/2023;2023;DISTRITO ANHEMBI;35000
DON TOLIVER;09/12/2023;2023;NEO QUIMICA ARENA;90000
PAUL MCCARTNEY;09/12/2023;2023;ALLIANZ PARQUE;49742
DJAVAN;09/12/2023;2023;VIBRA SAO PAULO;4200
SHECK WES;09/12/2023;2023;NEO QUIMICA ARENA;90000
MAJOR RD;09/12/2023;2023;NEO QUIMICA ARENA;90000
DEREK;09/12/2023;2023;NEO QUIMICA ARENA;90000
TASHA & TRACIE;09/12/2023;2023;NEO QUIMICA ARENA;90000
MATUE;10/12/2023;2023;NEO QUIMICA ARENA;100000
RODDY RICCH;10/12/2023;2023;NEO QUIMICA ARENA;100000
LIL DURK;10/12/2023;2023;NEO QUIMICA ARENA;100000
PAUL MCCARTNEY;10/12/2023;2023;ALLIANZ PARQUE;49742
TETO;10/12/2023;2023;NEO QUIMICA ARENA;100000
YUNK VINO;10/12/2023;2023;NEO QUIMICA ARENA;100000
ZECA PAGODINHO;15/12/2023;2023;VIBRA SAO PAULO;7000
CAROL BIAZIN;17/12/2023;2023;AUDIO;3200
TITAS;21/12/2023;2023;ALLIANZ PARQUE;50000
TITAS;22/12/2023;2023;ALLIANZ PARQUE;50000
TITAS;23/12/2023;2023;ALLIANZ PARQUE;50000
PABLLO VITTAR;19/01/2024;2024;VIBRA SAO PAULO;0
JAO;20/01/2024;2024;ALLIANZ PARQUE;50000
JAO;21/01/2024;2024;ALLIANZ PARQUE;47000
ANITTA;25/01/2024;2024;MEMORIAL DA AMERICA LATINA;20000
LUISA SONZA;25/01/2024;2024;MEMORIAL DA AMERICA LATINA;20000
TETO;25/01/2024;2024;MEMORIAL DA AMERICA LATINA;20000
WIU;25/01/2024;2024;MEMORIAL DA AMERICA LATINA;20000
CLAUDIA LEITTE;25/01/2024;2024;MEMORIAL DA AMERICA LATINA;20000
MANU;25/01/2024;2024;MEMORIAL DA AMERICA LATINA;20000
BACO EXU DO BLUES;26/01/2024;2024;ESPACO UNIMED;8000
MAIARA & MARAISA;27/01/2024;2024;ALLIANZ PARQUE;40000
RACIONAIS MC'S;27/01/2024;2024;VALE DO ANHANGABAU;10000
GLORIA GROOVE;27/01/2024;2024;ALLIANZ PARQUE;40000
TASHA & TRACIE;27/01/2024;2024;VALE DO ANHANGABAU;10000
ANITTA;04/02/2024;2024;MEMORIAL DA AMERICA LATINA;30000
JOAO GOMES;04/02/2024;2024;MEMORIAL DA AMERICA LATINA;30000
VEIGH;04/02/2024;2024;MEMORIAL DA AMERICA LATINA;30000
XAND AVIAO;04/02/2024;2024;MEMORIAL DA AMERICA LATINA;30000
DENNIS;04/02/2024;2024;MEMORIAL DA AMERICA LATINA;30000
TWICE;06/02/2024;2024;ALLIANZ PARQUE;37992
TWICE;07/02/2024;2024;ALLIANZ PARQUE;37992
MEN AT WORK;21/02/2024;2024;VIBRA SAO PAULO;
ANYMA;24/02/2024;2024;AUTODROMO DE INTERLAGOS;40000
SIMPLE PLAN;01/03/2024;2024;VIBRA SAO PAULO;7000
ZE RAMALHO;01/03/2024;2024;ESPACO UNIMED;7300
SIMPLE PLAN;02/03/2024;2024;ALLIANZ PARQUE;41717
ALL TIME LOW;02/03/2024;2024;ALLIANZ PARQUE;41717
THE ALL-AMERICAN REJECTS;02/03/2024;2024;ALLIANZ PARQUE;41717
LAURA PAUSINI;02/03/2024;2024;ESPACO UNIMED;5111
PITTY;02/03/2024;2024;ALLIANZ PARQUE;41717
A DAY TO REMEMBER;02/03/2024;2024;ALLIANZ PARQUE;41717
ASKING ALEXANDRIA;02/03/2024;2024;ALLIANZ PARQUE;41717
MAYDAY PARADE;02/03/2024;2024;ALLIANZ PARQUE;41717
PLAIN WHITE T'S;02/03/2024;2024;ALLIANZ PARQUE;41717
THE USED;02/03/2024;2024;ALLIANZ PARQUE;41717
BOYS LIKE GIRLS;02/03/2024;2024;ALLIANZ PARQUE;41717
KING KRULE;02/03/2024;2024;TERRA SP;2500
LAURA PAUSINI;03/03/2024;2024;ESPACO UNIMED;4500
BAMBAM;05/03/2024;2024;VIBRA SAO PAULO;6800
ALCIONE;08/03/2024;2024;ESPACO UNIMED;6900
MARIA BETHANIA;09/03/2024;2024;ESPACO UNIMED;3200
MARIA BETHANIA;10/03/2024;2024;ESPACO UNIMED;3200
PLACEBO;17/03/2024;2024;ESPACO UNIMED;
RADWIMPS;21/03/2024;2024;TERRA SP;3900
BLINK-182;22/03/2024;2024;AUTODROMO DE INTERLAGOS;80000
THE OFFSPRING;22/03/2024;2024;AUTODROMO DE INTERLAGOS;80000
LUISA SONZA;22/03/2024;2024;AUTODROMO DE INTERLAGOS;80000
DIPLO;22/03/2024;2024;AUTODROMO DE INTERLAGOS;80000
ARCADE FIRE;22/03/2024;2024;AUTODROMO DE INTERLAGOS;80000
MANEVA;22/03/2024;2024;AUTODROMO DE INTERLAGOS;80000
JUNGLE;22/03/2024;2024;AUTODROMO DE INTERLAGOS;80000
MARCELO D2;22/03/2024;2024;AUTODROMO DE INTERLAGOS;80000
FLETCHER;22/03/2024;2024;AUTODROMO DE INTERLAGOS;80000
THE BLAZE;22/03/2024;2024;AUTODROMO DE INTERLAGOS;80000
DOM DOLLA;22/03/2024;2024;AUTODROMO DE INTERLAGOS;80000
LOURENA;22/03/2024;2024;AUTODROMO DE INTERLAGOS;80000
LUIS MIGUEL;23/03/2024;2024;ALLIANZ PARQUE;24207
HOZIER;23/03/2024;2024;AUTODROMO DE INTERLAGOS;80000
LIMP BIZKIT;23/03/2024;2024;AUTODROMO DE INTERLAGOS;80000
KINGS OF LEON;23/03/2024;2024;AUTODROMO DE INTERLAGOS;80000
THIRTY SECONDS TO MARS;23/03/2024;2024;AUTODROMO DE INTERLAGOS;80000
PIERCE THE VEIL;23/03/2024;2024;AUTODROMO DE INTERLAGOS;80000
XAMA;23/03/2024;2024;AUTODROMO DE INTERLAGOS;80000
TITAS;23/03/2024;2024;AUTODROMO DE INTERLAGOS;80000
BK;23/03/2024;2024;AUTODROMO DE INTERLAGOS;80000
VICTOR & LEO;23/03/2024;2024;MORUMBIS;45000
JESSIE REYEZ;23/03/2024;2024;AUTODROMO DE INTERLAGOS;80000
TIMMY TRUMPET;23/03/2024;2024;AUTODROMO DE INTERLAGOS;80000
ABOVE & BEYOND;23/03/2024;2024;AUTODROMO DE INTERLAGOS;80000
LOUD LUXURY;23/03/2024;2024;AUTODROMO DE INTERLAGOS;80000
MC LUANNA;23/03/2024;2024;AUTODROMO DE INTERLAGOS;80000
SZA;24/03/2024;2024;AUTODROMO DE INTERLAGOS;80000
SAM SMITH;24/03/2024;2024;AUTODROMO DE INTERLAGOS;80000
HUNGRIA;24/03/2024;2024;AUTODROMO DE INTERLAGOS;80000
MC LIVINHO;24/03/2024;2024;AUTODROMO DE INTERLAGOS;80000
WESTLIFE;24/03/2024;2024;ESPACO UNIMED;7700
TZ DA CORONEL;24/03/2024;2024;AUTODROMO DE INTERLAGOS;80000
GRETA VAN FLEET;24/03/2024;2024;AUTODROMO DE INTERLAGOS;80000
MC DANIEL;24/03/2024;2024;AUTODROMO DE INTERLAGOS;80000
PHOENIX;24/03/2024;2024;AUTODROMO DE INTERLAGOS;80000
VULGO FK;24/03/2024;2024;AUTODROMO DE INTERLAGOS;80000
GILBERTO GIL;24/03/2024;2024;AUTODROMO DE INTERLAGOS;80000
NOTHING BUT THIEVES;24/03/2024;2024;AUTODROMO DE INTERLAGOS;80000
OMAR APOLLO;24/03/2024;2024;AUTODROMO DE INTERLAGOS;80000
DAYGLOW;24/03/2024;2024;AUTODROMO DE INTERLAGOS;80000
MEDUZA;24/03/2024;2024;AUTODROMO DE INTERLAGOS;80000
BLACK VEIL BRIDES;26/03/2024;2024;TERRA SP;5500
AJULIACOSTA;29/03/2024;2024;AUDIO;3000
OS PARALAMAS DO SUCESSO;06/04/2024;2024;ESPACO UNIMED;8000
SO PRA CONTRARIAR;06/04/2024;2024;ALLIANZ PARQUE;40000
CLAUDIA LEITTE;09/04/2024;2024;VIBRA SAO PAULO;7000
PITTY;12/04/2024;2024;ESPACO UNIMED;8000
ROYAL BLOOD;13/04/2024;2024;AUDIO;2700
PITTY;14/04/2024;2024;ESPACO UNIMED;8000
MAGIC!;14/04/2024;2024;AUDIO;
JONAS BROTHERS;16/04/2024;2024;ALLIANZ PARQUE;45000
TURNSTILE;16/04/2024;2024;TOKIO MARINE HALL;3000
TOM JONES;17/04/2024;2024;ESPACO UNIMED;
MEGADETH;18/04/2024;2024;ESPACO UNIMED;8000
AIR SUPPLY;21/04/2024;2024;ESPACO UNIMED;7500
WITHIN TEMPTATION;27/04/2024;2024;MEMORIAL DA AMERICA LATINA;15000
VANESSA DA MATA;27/04/2024;2024;TOKIO MARINE HALL;
KILLSWITCH ENGAGE;28/04/2024;2024;MEMORIAL DA AMERICA LATINA;15000
JESSIE J;30/04/2024;2024;ESPACO UNIMED;8000
LULU SANTOS;04/05/2024;2024;ESPACO UNIMED;
LANY;07/05/2024;2024;AUDIO;
ASHNIKKO;09/05/2024;2024;AUDIO;1222
LOUIS TOMLINSON;11/05/2024;2024;ALLIANZ PARQUE;16406
DJAVAN;11/05/2024;2024;ESPACO UNIMED;8000
GIANT ROOKS;11/05/2024;2024;ALLIANZ PARQUE;16406
DJAVAN;12/05/2024;2024;ESPACO UNIMED;7500
GILSONS;17/05/2024;2024;ESPACO UNIMED;7850
PABLLO VITTAR;18/05/2024;2024;VALE DO ANHANGABAU;20000
DJONGA;18/05/2024;2024;VALE DO ANHANGABAU;20000
LEO SANTANA;18/05/2024;2024;VALE DO ANHANGABAU;20000
MATUE;19/05/2024;2024;VALE DO ANHANGABAU;20000
DENNIS;19/05/2024;2024;VALE DO ANHANGABAU;20000
MILKY CHANCE;19/05/2024;2024;AUDIO;3000
GILSONS;19/05/2024;2024;ESPACO UNIMED;7000
LUISA SONZA;24/05/2024;2024;ESPACO UNIMED;7800
EDSON & HUDSON;24/05/2024;2024;TOKIO MARINE HALL;4000
URIAS;24/05/2024;2024;AUDIO;
LUISA SONZA;25/05/2024;2024;ESPACO UNIMED;7550
ANDREA BOCELLI;25/05/2024;2024;ALLIANZ PARQUE;31000
RAIMUNDOS;25/05/2024;2024;ARENA ANHEMBI;50000
ANDREA BOCELLI;26/05/2024;2024;ALLIANZ PARQUE;31000
RICHARD CLAYDERMAN;06/06/2024;2024;ESPACO UNIMED;5400
INTERPOL;07/06/2024;2024;AUDIO;2600
RACA NEGRA;08/06/2024;2024;VIBRA SAO PAULO;7000
INTERPOL;08/06/2024;2024;AUDIO;2573
LUDMILLA;09/06/2024;2024;ALLIANZ PARQUE;21188
MC HARIEL;09/06/2024;2024;ALLIANZ PARQUE;21188
LUISA SONZA;09/06/2024;2024;ALLIANZ PARQUE;21188
FERRUGEM;09/06/2024;2024;ALLIANZ PARQUE;21188
GRUPO MENOS E MAIS;09/06/2024;2024;ALLIANZ PARQUE;21188
ZE FELIPE;09/06/2024;2024;ALLIANZ PARQUE;21188
MC DON JUAN;09/06/2024;2024;ALLIANZ PARQUE;21188
MC DAVI;09/06/2024;2024;ALLIANZ PARQUE;21188
TURMA DO PAGODE;09/06/2024;2024;ALLIANZ PARQUE;21188
GLORIA GROOVE;09/06/2024;2024;ALLIANZ PARQUE;21188
WIU;09/06/2024;2024;ALLIANZ PARQUE;21188
XAND AVIAO;09/06/2024;2024;ALLIANZ PARQUE;21188
LUAN PEREIRA;09/06/2024;2024;ALLIANZ PARQUE;21188
XAMA;09/06/2024;2024;ALLIANZ PARQUE;21188
PEDRO SAMPAIO;09/06/2024;2024;ALLIANZ PARQUE;21188
LEO SANTANA;09/06/2024;2024;ALLIANZ PARQUE;21188
MC DANIEL;09/06/2024;2024;ALLIANZ PARQUE;21188
ARMANDINHO;09/06/2024;2024;ALLIANZ PARQUE;21188
VITOR KLEY;09/06/2024;2024;ALLIANZ PARQUE;21188
ZEZE DI CAMARGO & LUCIANO;12/06/2024;2024;ESPACO UNIMED;7000
PERICLES;14/06/2024;2024;AUDIO;2800
JOTA QUEST;15/06/2024;2024;ALLIANZ PARQUE;30000
PITTY;21/06/2024;2024;TERRA SP;
ZECA PAGODINHO;21/06/2024;2024;ESPACO UNIMED;8000
ZECA PAGODINHO;22/06/2024;2024;ESPACO UNIMED;8000
IVE;26/06/2024;2024;ESPACO UNIMED;8000
CHITAOZINHO & XORORO;27/06/2024;2024;ALLIANZ PARQUE;47500
OS PARALAMAS DO SUCESSO;27/06/2024;2024;PAVILHAO DO TRANSAMERICA EXPO CENTER;
LAGUM;28/06/2024;2024;ESPACO UNIMED;8000
CAPITAL INICIAL;29/06/2024;2024;ESPACO UNIMED;8000
CAPITAL INICIAL;30/06/2024;2024;ESPACO UNIMED;8000
THIAGUINHO;06/07/2024;2024;ESPACO UNIMED;
CALCINHA PRETA;08/07/2024;2024;TERRA SP;4000
DUQUESA;09/07/2024;2024;CENTRO CULTURAL SAO PAULO;4000
RAIMUNDOS;13/07/2024;2024;TOKIO MARINE HALL;
CPM 22;13/07/2024;2024;AUDIO;3200
BK;14/07/2024;2024;ESPACO UNIMED;8000
XANDE DE PILARES;20/07/2024;2024;ESPACO UNIMED;
TRIO PARADA DURA;16/08/2024;2024;VILLA COUNTRY;
ZE NETO & CRISTIANO;17/08/2024;2024;DISTRITO ANHEMBI;24000
MAIARA & MARAISA;17/08/2024;2024;DISTRITO ANHEMBI;24000
GUSTAVO MIOTO;17/08/2024;2024;DISTRITO ANHEMBI;24000
NATTAN;17/08/2024;2024;DISTRITO ANHEMBI;24000
SIMONE MENDES;17/08/2024;2024;DISTRITO ANHEMBI;24000
PEDRO SAMPAIO;17/08/2024;2024;DISTRITO ANHEMBI;24000
LEONARDO;17/08/2024;2024;DISTRITO ANHEMBI;24000
VITOR FERNANDES;17/08/2024;2024;DISTRITO ANHEMBI;24000
NATIRUTS;24/08/2024;2024;ALLIANZ PARQUE;50000
NATIRUTS;25/08/2024;2024;ALLIANZ PARQUE;50000
BACO EXU DO BLUES;30/08/2024;2024;ESPACO UNIMED;
NATIRUTS;30/08/2024;2024;ALLIANZ PARQUE;50000
LEGIAO URBANA;31/08/2024;2024;ESPACO UNIMED;7000
NATIRUTS;31/08/2024;2024;ALLIANZ PARQUE;50000
NCT DREAM;02/09/2024;2024;ESPACO UNIMED;8000
ANITTA;06/09/2024;2024;NEO QUIMICA ARENA;25000
LUISA SONZA;06/09/2024;2024;NEO QUIMICA ARENA;25000
SEPULTURA;06/09/2024;2024;ESPACO UNIMED;8000
LENINE;06/09/2024;2024;MEMORIAL DA AMERICA LATINA;20000
ZEEBA;06/09/2024;2024;NEO QUIMICA ARENA;25000
THE WEEKND;07/09/2024;2024;MORUMBIS;64319
OS PARALAMAS DO SUCESSO;07/09/2024;2024;MEMORIAL DA AMERICA LATINA;15000
SEPULTURA;07/09/2024;2024;ESPACO UNIMED;8000
LULU SANTOS;07/09/2024;2024;MEMORIAL DA AMERICA LATINA;15000
DJ GUUGA;07/09/2024;2024;MORUMBIS;64319
SEPULTURA;08/09/2024;2024;ESPACO UNIMED;8000
XANDE DE PILARES;08/09/2024;2024;MEMORIAL DA AMERICA LATINA;33000
YAGO OPROPRIO;08/09/2024;2024;MEMORIAL DA AMERICA LATINA;33000
TRAVIS SCOTT;11/09/2024;2024;ALLIANZ PARQUE;42200
DEEP PURPLE;13/09/2024;2024;ESPACO UNIMED;7800
NE-YO;19/09/2024;2024;ESPACO UNIMED;7808
MARIAH CAREY;20/09/2024;2024;ALLIANZ PARQUE;50126
GLORIA GAYNOR;21/09/2024;2024;ESPACO UNIMED;
ERIC CLAPTON;28/09/2024;2024;VIBRA SAO PAULO;7000
TITAS;28/09/2024;2024;ESPACO UNIMED;8000
ERIC CLAPTON;29/09/2024;2024;ALLIANZ PARQUE;44234
SEU JORGE;29/09/2024;2024;MEMORIAL DA AMERICA LATINA;
BRUNO MARS;01/10/2024;2024;TOKIO MARINE HALL;4000
BRUNO MARS;04/10/2024;2024;MORUMBIS;80723
BRUNO MARS;05/10/2024;2024;MORUMBIS;80723
BRUNO MARS;08/10/2024;2024;MORUMBIS;80724
ASHNIKKO;08/10/2024;2024;AUDIO;1222
BRUNO MARS;09/10/2024;2024;MORUMBIS;80723
PABLLO VITTAR;11/10/2024;2024;AUDIO;2900
URIAS;11/10/2024;2024;AUDIO;2900
BRUNO MARS;12/10/2024;2024;MORUMBIS;80723
NANDO REIS;12/10/2024;2024;ESPACO UNIMED;8000
BRUNO MARS;13/10/2024;2024;MORUMBIS;80723
DPR IAN;14/10/2024;2024;KOMPLEXO TEMPO;15000
PAUL MCCARTNEY;15/10/2024;2024;ALLIANZ PARQUE;49071
THE HIVES;15/10/2024;2024;TOKIO MARINE HALL;4000
PAUL MCCARTNEY;16/10/2024;2024;ALLIANZ PARQUE;49070
SLIPKNOT;19/10/2024;2024;ALLIANZ PARQUE;60000
GLORIA GROOVE;19/10/2024;2024;ESPACO UNIMED;8000
MUDVAYNE;19/10/2024;2024;ALLIANZ PARQUE;60000
SLIPKNOT;20/10/2024;2024;ALLIANZ PARQUE;60000
BABYMETAL;20/10/2024;2024;ALLIANZ PARQUE;60000
P.O.D.;20/10/2024;2024;ALLIANZ PARQUE;60000
BAD OMENS;20/10/2024;2024;ALLIANZ PARQUE;60000
POPPY;20/10/2024;2024;ALLIANZ PARQUE;60000
BABYMETAL;21/10/2024;2024;AUDIO;3200
MOTHER MOTHER;23/10/2024;2024;TOKIO MARINE HALL;3900
CHITAOZINHO & XORORO;23/10/2024;2024;AUDIO;
MATUE;26/10/2024;2024;MEMORIAL DA AMERICA LATINA;10000
MARCELO D2;26/10/2024;2024;AUDIO;2500
DIONNE WARWICK;26/10/2024;2024;VIBRA SAO PAULO;0
PABLLO VITTAR;01/11/2024;2024;VIBRA SAO PAULO;6500
THE SMASHING PUMPKINS;03/11/2024;2024;ESPACO UNIMED;8000
TRAVIS;05/11/2024;2024;AUDIO;3100
ERYKAH BADU;06/11/2024;2024;ESPACO UNIMED;8000
MARCELO D2;06/11/2024;2024;CENTRO CULTURAL SAO PAULO;
MARCELO D2;07/11/2024;2024;CENTRO CULTURAL SAO PAULO;
CPM 22;07/11/2024;2024;EXPO CENTER NORTE;20000
PERICLES;08/11/2024;2024;TERRA SP;3200
TITAS;08/11/2024;2024;EXPO CENTER NORTE;0
LINIKER;08/11/2024;2024;ESPACO UNIMED;8000
KEANE;09/11/2024;2024;ESPACO UNIMED;8000
RAIMUNDOS;09/11/2024;2024;ESTADIO DO CANINDE;12500
BADBADNOTGOOD;10/11/2024;2024;TOKIO MARINE HALL;3800
LINIKER;13/11/2024;2024;ESPACO UNIMED;8000
GRUPO MENOS E MAIS;14/11/2024;2024;ESPACO UNIMED;8000
FRANZ FERDINAND;14/11/2024;2024;TOKIO MARINE HALL;4000
MARINA SENA;14/11/2024;2024;AUDIO;3200
LINKIN PARK;15/11/2024;2024;ALLIANZ PARQUE;48900
KOOL & THE GANG;15/11/2024;2024;ESPACO UNIMED;2465
LINKIN PARK;16/11/2024;2024;ALLIANZ PARQUE;48027
AURORA;16/11/2024;2024;ESPACO UNIMED;
CALCINHA PRETA;16/11/2024;2024;TERRA SP;3000
RAIMUNDOS;17/11/2024;2024;EXPO CENTER NORTE;
JA RULE;19/11/2024;2024;TERRA SP;3000
LINIKER;19/11/2024;2024;ESPACO UNIMED;8000
RACIONAIS MC'S;22/11/2024;2024;ESPACO UNIMED;8000
LULU SANTOS;22/11/2024;2024;TOKIO MARINE HALL;4000
LENNY KRAVITZ;23/11/2024;2024;ALLIANZ PARQUE;17720
JORGE BEN JOR;23/11/2024;2024;ESPACO UNIMED;
LINIKER;23/11/2024;2024;ALLIANZ PARQUE;17720
TOTO;24/11/2024;2024;ESPACO UNIMED;6500
ROBERTO CARLOS;27/11/2024;2024;ALLIANZ PARQUE;30000
BRING ME THE HORIZON;28/11/2024;2024;AUDIO;3200
RACIONAIS MC'S;29/11/2024;2024;ESPACO UNIMED;8000
BRING ME THE HORIZON;30/11/2024;2024;ALLIANZ PARQUE;46572
MOTIONLESS IN WHITE;30/11/2024;2024;ALLIANZ PARQUE;46572
ARMANDINHO;30/11/2024;2024;AUDIO;3200
SPIRITBOX;30/11/2024;2024;ALLIANZ PARQUE;46572
THE PLOT IN YOU;30/11/2024;2024;ALLIANZ PARQUE;46572
IRON MAIDEN;06/12/2024;2024;ALLIANZ PARQUE;43312
VOLBEAT;06/12/2024;2024;ALLIANZ PARQUE;43312
IRON MAIDEN;07/12/2024;2024;ALLIANZ PARQUE;43000
JAO;07/12/2024;2024;VIBRA SAO PAULO;7000
VOLBEAT;07/12/2024;2024;ALLIANZ PARQUE;43000
URIAS;07/12/2024;2024;ESTADIO DO CANINDE;
JAO;08/12/2024;2024;VIBRA SAO PAULO;7000
TOKIO HOTEL;12/12/2024;2024;VIBRA SAO PAULO;7000
SIMONE MENDES;13/12/2024;2024;CENTRO DE TRADICOES NORDESTINAS;7000
GUSTTAVO LIMA;14/12/2024;2024;MORUMBIS;80000
ZECA PAGODINHO;14/12/2024;2024;VIBRA SAO PAULO;7000
DREAM THEATER;15/12/2024;2024;VIBRA SAO PAULO;6900
CAROL BIAZIN;15/12/2024;2024;AUDIO;
TITAS;20/12/2024;2024;TERRA SP;3000
POST MALONE;21/12/2024;2024;NEO QUIMICA ARENA;33921
CHRIS BROWN;21/12/2024;2024;ALLIANZ PARQUE;49937
GUSTTAVO LIMA;21/12/2024;2024;NEO QUIMICA ARENA;33921
VEIGH;21/12/2024;2024;NEO QUIMICA ARENA;33921
VINTAGE CULTURE;21/12/2024;2024;NEO QUIMICA ARENA;33921
CHRIS BROWN;22/12/2024;2024;ALLIANZ PARQUE;49937
ANITTA;03/03/2025;2025;JOCKEY CLUB;50000
THE OFFSPRING;08/03/2025;2025;ALLIANZ PARQUE;37608
SUBLIME;08/03/2025;2025;ALLIANZ PARQUE;37608
RISE AGAINST;08/03/2025;2025;ALLIANZ PARQUE;37608
THE WARNING;08/03/2025;2025;ALLIANZ PARQUE;37608
SIMPLY RED;15/03/2025;2025;ALLIANZ PARQUE;35000
JAO;16/03/2025;2025;VIBRA SAO PAULO;6800
LINIKER;16/03/2025;2025;VIBRA SAO PAULO;6800
MON LAFERTE;18/03/2025;2025;TOKIO MARINE HALL;3800
PITTY;21/03/2025;2025;ESPACO UNIMED;8000
GARBAGE;22/03/2025;2025;TERRA SP;2800
ALCIONE;22/03/2025;2025;ESPACO UNIMED;8000
GIRL IN RED;27/03/2025;2025;AUDIO;3200
OLIVIA RODRIGO;28/03/2025;2025;AUTODROMO DE INTERLAGOS;80000
GIRL IN RED;28/03/2025;2025;AUTODROMO DE INTERLAGOS;80000
JAO;28/03/2025;2025;AUTODROMO DE INTERLAGOS;80000
RUFUS DU SOL;28/03/2025;2025;AUTODROMO DE INTERLAGOS;80000
EMPIRE OF THE SUN;28/03/2025;2025;AUTODROMO DE INTERLAGOS;80000
NESSA BARRETT;28/03/2025;2025;AUTODROMO DE INTERLAGOS;80000
JPEGMAFIA;28/03/2025;2025;AUTODROMO DE INTERLAGOS;80000
JAMES HYPE;28/03/2025;2025;AUTODROMO DE INTERLAGOS;80000
DISCO LINES;28/03/2025;2025;AUTODROMO DE INTERLAGOS;80000
SHAWN MENDES;29/03/2025;2025;AUTODROMO DE INTERLAGOS;80000
LUAN SANTANA;29/03/2025;2025;MERCADO LIVRE ARENA PACAEMBU;40000
TATE MCRAE;29/03/2025;2025;AUTODROMO DE INTERLAGOS;80000
BENSON BOONE;29/03/2025;2025;AUTODROMO DE INTERLAGOS;80000
ZEDD;29/03/2025;2025;AUTODROMO DE INTERLAGOS;80000
TEDDY SWIMS;29/03/2025;2025;AUTODROMO DE INTERLAGOS;80000
WAVE TO EARTH;29/03/2025;2025;AUTODROMO DE INTERLAGOS;80000
THE MARIAS;29/03/2025;2025;AUTODROMO DE INTERLAGOS;80000
ALANIS MORISSETTE;29/03/2025;2025;AUTODROMO DE INTERLAGOS;80000
ARTEMAS;29/03/2025;2025;AUTODROMO DE INTERLAGOS;80000
BRUNO MARTINI;29/03/2025;2025;AUTODROMO DE INTERLAGOS;80000
JUSTIN TIMBERLAKE;30/03/2025;2025;AUTODROMO DE INTERLAGOS;80000
TOOL;30/03/2025;2025;AUTODROMO DE INTERLAGOS;80000
FOSTER THE PEOPLE;30/03/2025;2025;AUTODROMO DE INTERLAGOS;80000
SEPULTURA;30/03/2025;2025;AUTODROMO DE INTERLAGOS;80000
BUSH;30/03/2025;2025;AUTODROMO DE INTERLAGOS;80000
MICHAEL KIWANUKA;30/03/2025;2025;AUTODROMO DE INTERLAGOS;80000
CHARLOTTE DE WITTE;30/03/2025;2025;AUTODROMO DE INTERLAGOS;80000
PARCELS;30/03/2025;2025;AUTODROMO DE INTERLAGOS;80000
CA7RIEL & PACO AMOROSO;30/03/2025;2025;AUTODROMO DE INTERLAGOS;80000
NEIL FRANCES;30/03/2025;2025;AUTODROMO DE INTERLAGOS;80000
BLOND:ISH;30/03/2025;2025;AUTODROMO DE INTERLAGOS;80000
PARCELS;31/03/2025;2025;AUDIO;2700
JORGE & MATEUS;05/04/2025;2025;MERCADO LIVRE ARENA PACAEMBU;40000
STRAY KIDS;05/04/2025;2025;MORUMBIS;55239
CESAR MENOTTI & FABIANO;05/04/2025;2025;MERCADO LIVRE ARENA PACAEMBU;40000
BELO;05/04/2025;2025;MERCADO LIVRE ARENA PACAEMBU;40000
JORGE & MATEUS;06/04/2025;2025;MERCADO LIVRE ARENA PACAEMBU;40000
STRAY KIDS;06/04/2025;2025;MORUMBIS;55240
SIMONE MENDES;06/04/2025;2025;MERCADO LIVRE ARENA PACAEMBU;40000
INCUBUS;10/04/2025;2025;ESPACO UNIMED;8648
GILBERTO GIL;11/04/2025;2025;ALLIANZ PARQUE;40000
LUISA SONZA;12/04/2025;2025;ESPACO UNIMED;6500
GILBERTO GIL;12/04/2025;2025;ALLIANZ PARQUE;40000
ONE OK ROCK;13/04/2025;2025;ESPACO UNIMED;7002
SCORPIONS;19/04/2025;2025;ALLIANZ PARQUE;49000
JUDAS PRIEST;19/04/2025;2025;ALLIANZ PARQUE;49000
EUROPE;19/04/2025;2025;ALLIANZ PARQUE;49000
JUDAS PRIEST;20/04/2025;2025;VIBRA SAO PAULO;6500
KALEO;22/04/2025;2025;AUDIO;2102
XG;24/04/2025;2025;TOKIO MARINE HALL;4000
GILBERTO GIL;25/04/2025;2025;ALLIANZ PARQUE;45382
GILBERTO GIL;26/04/2025;2025;ALLIANZ PARQUE;45382
MARINA SENA;26/04/2025;2025;ESPACO UNIMED;
RAIMUNDOS;30/04/2025;2025;ESPACO UNIMED;7800
SABATON;03/05/2025;2025;MEMORIAL DA AMERICA LATINA;30000
POWERWOLF;03/05/2025;2025;MEMORIAL DA AMERICA LATINA;30000
SIMPLE MINDS;04/05/2025;2025;ESPACO UNIMED;3500
SEVDALIZA;08/05/2025;2025;TOKIO MARINE HALL;3500
PABLLO VITTAR;09/05/2025;2025;CENTRO DE TRADICOES NORDESTINAS;
SYSTEM OF A DOWN;10/05/2025;2025;ALLIANZ PARQUE;47645
FOREIGNER;10/05/2025;2025;ESPACO UNIMED;7500
SYSTEM OF A DOWN;11/05/2025;2025;ALLIANZ PARQUE;47645
ZE RAMALHO;11/05/2025;2025;ESPACO UNIMED;4500
SYSTEM OF A DOWN;14/05/2025;2025;AUTODROMO DE INTERLAGOS;70000
STONE TEMPLE PILOTS;22/05/2025;2025;TERRA SP;2800
JOAO GOMES;25/05/2025;2025;VALE DO ANHANGABAU;120000
STICK FIGURE;25/05/2025;2025;TERRA SP;3000
LINIKER;25/05/2025;2025;VALE DO ANHANGABAU;120000
WIU;29/05/2025;2025;AUDIO;3200
HOZIER;30/05/2025;2025;ESPACO UNIMED;8000
GIGI PEREZ;30/05/2025;2025;ESPACO UNIMED;8000
TURMA DO PAGODE;31/05/2025;2025;VIBRA SAO PAULO;5000
OS PARALAMAS DO SUCESSO;31/05/2025;2025;ALLIANZ PARQUE;44516
ANAVITORIA;06/06/2025;2025;ESPACO UNIMED;8000
PIXOTE;07/06/2025;2025;VALE DO ANHANGABAU;
NANDO REIS;08/06/2025;2025;VALE DO ANHANGABAU;
GLORIA GROOVE;13/06/2025;2025;ESPACO UNIMED;8000
NANDO REIS;13/06/2025;2025;VIBRA SAO PAULO;7000
MARCOS & BELUTTI;14/06/2025;2025;SUHAI MUSIC HALL;
BAEKHYUN;14/06/2025;2025;VIBRA SAO PAULO;7000
BAEKHYUN;15/06/2025;2025;VIBRA SAO PAULO;7000
LUDMILLA;21/06/2025;2025;VALE DO ANHANGABAU;15000
URIAS;21/06/2025;2025;VALE DO ANHANGABAU;15000
MATUE;28/06/2025;2025;MERCADO LIVRE ARENA PACAEMBU;25000
ALOK;28/06/2025;2025;MERCADO LIVRE ARENA PACAEMBU;25000
NANDO REIS;28/06/2025;2025;SUHAI MUSIC HALL;9000
HENRIQUE & JULIANO;05/07/2025;2025;ALLIANZ PARQUE;42959
JEFF SATUR;06/07/2025;2025;TERRA SP;3900
JAMES BLUNT;08/07/2025;2025;TERRA SP;2950
BK;13/07/2025;2025;ESPACO UNIMED;8000
NATIRUTS;18/07/2025;2025;ALLIANZ PARQUE;0
NATIRUTS;19/07/2025;2025;ALLIANZ PARQUE;50000
VANESSA DA MATA;19/07/2025;2025;VIBRA SAO PAULO;4500
MAIARA & MARAISA;25/07/2025;2025;CENTRO DE TRADICOES NORDESTINAS;7500
MATUE;01/08/2025;2025;MERCADO LIVRE ARENA PACAEMBU;25000
VEIGH;01/08/2025;2025;MERCADO LIVRE ARENA PACAEMBU;25000
MAGIC!;02/08/2025;2025;TOKIO MARINE HALL;3000
LAGUM;02/08/2025;2025;ESPACO UNIMED;8000
THE ROSE;08/08/2025;2025;VIBRA SAO PAULO;7000
RAI SAIA RODADA;09/08/2025;2025;NEO QUIMICA ARENA;15000
CALCINHA PRETA;09/08/2025;2025;NEO QUIMICA ARENA;15000
CAROL BIAZIN;10/08/2025;2025;AUDIO;2700
ADO;13/08/2025;2025;ESPACO UNIMED;8000
KYLIE MINOGUE;15/08/2025;2025;GINASIO DO IBIRAPUERA;15000
CPM 22;15/08/2025;2025;SUHAI MUSIC HALL;7000
LUAN SANTANA;16/08/2025;2025;ARENA ANHEMBI;40000
ANA CASTELA;16/08/2025;2025;ARENA ANHEMBI;40000
ROBERTO CARLOS;16/08/2025;2025;TOKIO MARINE HALL;3000
THUNDERCAT;20/08/2025;2025;AUDIO;3100
IVETE SANGALO;21/08/2025;2025;SUHAI MUSIC HALL;9000
ZEZE DI CAMARGO & LUCIANO;23/08/2025;2025;ALLIANZ PARQUE;45000
CHITAOZINHO & XORORO;23/08/2025;2025;ALLIANZ PARQUE;45000
LEONARDO;23/08/2025;2025;ALLIANZ PARQUE;45000
DANIEL;23/08/2025;2025;ALLIANZ PARQUE;45000
VICTOR & LEO;23/08/2025;2025;ALLIANZ PARQUE;45000
NECK DEEP;29/08/2025;2025;TOKIO MARINE HALL;4000
YELLOWCARD;29/08/2025;2025;TOKIO MARINE HALL;4000
FALL OUT BOY;30/08/2025;2025;ALLIANZ PARQUE;50000
GOOD CHARLOTTE;30/08/2025;2025;ALLIANZ PARQUE;50000
NECK DEEP;30/08/2025;2025;ALLIANZ PARQUE;50000
YELLOWCARD;30/08/2025;2025;ALLIANZ PARQUE;50000
PITTY;03/09/2025;2025;AUDIO;
MARINA SENA;05/09/2025;2025;MEMORIAL DA AMERICA LATINA;15000
LINIKER;05/09/2025;2025;MEMORIAL DA AMERICA LATINA;15000
TRAVIS SCOTT;06/09/2025;2025;AUDIO;3200
TRAVIS SCOTT;06/09/2025;2025;AUTODROMO DE INTERLAGOS;100000
BURNA BOY;06/09/2025;2025;AUTODROMO DE INTERLAGOS;100000
MATUE;06/09/2025;2025;AUTODROMO DE INTERLAGOS;100000
MC CABELINHO;06/09/2025;2025;AUTODROMO DE INTERLAGOS;100000
FILIPE RET;06/09/2025;2025;AUTODROMO DE INTERLAGOS;100000
MC HARIEL;06/09/2025;2025;AUTODROMO DE INTERLAGOS;100000
DON TOLIVER;06/09/2025;2025;AUTODROMO DE INTERLAGOS;100000
TETO;06/09/2025;2025;AUTODROMO DE INTERLAGOS;100000
WIU;06/09/2025;2025;AUTODROMO DE INTERLAGOS;100000
BORGES;06/09/2025;2025;AUTODROMO DE INTERLAGOS;100000
BLACK ALIEN;06/09/2025;2025;MEMORIAL DA AMERICA LATINA;10000
TASHA & TRACIE;06/09/2025;2025;AUTODROMO DE INTERLAGOS;100000
GREEN DAY;07/09/2025;2025;AUTODROMO DE INTERLAGOS;90000
CAPITAL INICIAL;07/09/2025;2025;AUTODROMO DE INTERLAGOS;90000
CAETANO VELOSO;07/09/2025;2025;MEMORIAL DA AMERICA LATINA;15000
PITTY;07/09/2025;2025;AUTODROMO DE INTERLAGOS;90000
BK;07/09/2025;2025;MEMORIAL DA AMERICA LATINA;15000
IGGY POP;07/09/2025;2025;AUTODROMO DE INTERLAGOS;90000
CPM 22;07/09/2025;2025;AUTODROMO DE INTERLAGOS;90000
BAD RELIGION;07/09/2025;2025;AUTODROMO DE INTERLAGOS;90000
JASON DERULO;12/09/2025;2025;AUTODROMO DE INTERLAGOS;75000
BACKSTREET BOYS;12/09/2025;2025;AUTODROMO DE INTERLAGOS;75000
LUISA SONZA;12/09/2025;2025;AUTODROMO DE INTERLAGOS;75000
KAYBLACK;12/09/2025;2025;AUTODROMO DE INTERLAGOS;75000
TZ DA CORONEL;12/09/2025;2025;AUTODROMO DE INTERLAGOS;75000
PEDRO SAMPAIO;12/09/2025;2025;AUTODROMO DE INTERLAGOS;75000
JOTA QUEST;12/09/2025;2025;AUTODROMO DE INTERLAGOS;75000
CEELO GREEN;12/09/2025;2025;AUTODROMO DE INTERLAGOS;75000
DUQUESA;12/09/2025;2025;AUTODROMO DE INTERLAGOS;75000
DUBDOGZ;12/09/2025;2025;AUTODROMO DE INTERLAGOS;75000
JESSIE J;13/09/2025;2025;AUTODROMO DE INTERLAGOS;78000
MARIAH CAREY;13/09/2025;2025;AUTODROMO DE INTERLAGOS;78000
MC LIVINHO;13/09/2025;2025;AUTODROMO DE INTERLAGOS;78000
LIONEL RICHIE;13/09/2025;2025;AUTODROMO DE INTERLAGOS;78000
GLORIA GROOVE;13/09/2025;2025;AUTODROMO DE INTERLAGOS;78000
CHEFIN;13/09/2025;2025;AUTODROMO DE INTERLAGOS;78000
PERICLES;13/09/2025;2025;AUTODROMO DE INTERLAGOS;78000
IVETE SANGALO;13/09/2025;2025;AUTODROMO DE INTERLAGOS;78000
NATASHA BEDINGFIELD;13/09/2025;2025;AUTODROMO DE INTERLAGOS;78000
OS GAROTIN;13/09/2025;2025;AUTODROMO DE INTERLAGOS;78000
J BALVIN;14/09/2025;2025;AUTODROMO DE INTERLAGOS;82000
KATY PERRY;14/09/2025;2025;AUTODROMO DE INTERLAGOS;82000
CAMILA CABELLO;14/09/2025;2025;AUTODROMO DE INTERLAGOS;82000
LUDMILLA;14/09/2025;2025;AUTODROMO DE INTERLAGOS;82000
IZA;14/09/2025;2025;AUTODROMO DE INTERLAGOS;82000
DENNIS;14/09/2025;2025;AUTODROMO DE INTERLAGOS;82000
BELO;14/09/2025;2025;AUTODROMO DE INTERLAGOS;82000
ANNA;14/09/2025;2025;AUTODROMO DE INTERLAGOS;82000
CAROL BIAZIN;14/09/2025;2025;AUTODROMO DE INTERLAGOS;82000
JOTA.PE;14/09/2025;2025;AUTODROMO DE INTERLAGOS;82000
CA7RIEL & PACO AMOROSO;17/09/2025;2025;AUDIO;3200
JORGE BEN JOR;20/09/2025;2025;ESPACO UNIMED;8000
RACA NEGRA;26/09/2025;2025;ESPACO UNIMED;8000
SEU JORGE;27/09/2025;2025;VIBRA SAO PAULO;7000
CLAUDIA LEITTE;27/09/2025;2025;SUHAI MUSIC HALL;8000
KACEY MUSGRAVES;28/09/2025;2025;AUDIO;1940
KENDRICK LAMAR;30/09/2025;2025;ALLIANZ PARQUE;55000
CA7RIEL & PACO AMOROSO;30/09/2025;2025;ALLIANZ PARQUE;55000
DE LA SOUL;02/10/2025;2025;AUDIO;2800
LAGUM;03/10/2025;2025;ESPACO UNIMED;8000
ANAVITORIA;04/10/2025;2025;ESPACO UNIMED;8000
MARIA BETHANIA;04/10/2025;2025;TOKIO MARINE HALL;3900
ANAVITORIA;05/10/2025;2025;ESPACO UNIMED;8000
MARIA BETHANIA;05/10/2025;2025;TOKIO MARINE HALL;3900
KENNY G;10/10/2025;2025;ESPACO UNIMED;7000
ANA CASTELA;11/10/2025;2025;SUHAI MUSIC HALL;8500
MARIA BETHANIA;11/10/2025;2025;TOKIO MARINE HALL;3900
MARIA BETHANIA;12/10/2025;2025;TOKIO MARINE HALL;3900
THE CALLING;12/10/2025;2025;AUDIO;2600
MC LIVINHO;17/10/2025;2025;MERCADO LIVRE ARENA PACAEMBU;25000
LUISA SONZA;17/10/2025;2025;MERCADO LIVRE ARENA PACAEMBU;25000
GILBERTO GIL;17/10/2025;2025;ALLIANZ PARQUE;50000
TOQUINHO;17/10/2025;2025;ESPACO UNIMED;8000
CAROL BIAZIN;17/10/2025;2025;MERCADO LIVRE ARENA PACAEMBU;25000
GILBERTO GIL;18/10/2025;2025;ALLIANZ PARQUE;50000
MARIA BETHANIA;19/10/2025;2025;TOKIO MARINE HALL;3900
RAUW ALEJANDRO;22/10/2025;2025;VIBRA SAO PAULO;7000
OCEAN ALLEY;23/10/2025;2025;AUDIO;3200
SKILLET;24/10/2025;2025;AUDIO;3200
OS PARALAMAS DO SUCESSO;24/10/2025;2025;ESPACO UNIMED;7500
P1HARMONY;24/10/2025;2025;VIBRA SAO PAULO;7000
GUNS N' ROSES;25/10/2025;2025;ALLIANZ PARQUE;49107
VEIGH;25/10/2025;2025;ESPACO UNIMED;8000
FERRUGEM;25/10/2025;2025;NEO QUIMICA ARENA;48000
PABLLO VITTAR;25/10/2025;2025;VIBRA SAO PAULO;7000
TIAGO IORC;25/10/2025;2025;NEO QUIMICA ARENA;48000
IVETE SANGALO;25/10/2025;2025;JOCKEY CLUB;10000
RAIMUNDOS;25/10/2025;2025;ALLIANZ PARQUE;49107
MARIA BETHANIA;25/10/2025;2025;TOKIO MARINE HALL;3500
MARIA BETHANIA;26/10/2025;2025;TOKIO MARINE HALL;3600
IMAGINE DRAGONS;31/10/2025;2025;MORUMBIS;60000
BACO EXU DO BLUES;31/10/2025;2025;ESPACO UNIMED;6500
NANDO REIS;31/10/2025;2025;SUHAI MUSIC HALL;8800
LAGUM;31/10/2025;2025;MORUMBIS;60000
IMAGINE DRAGONS;01/11/2025;2025;MORUMBIS;60000
GUSTAVO MIOTO;01/11/2025;2025;ESPACO UNIMED;6000
LAGUM;01/11/2025;2025;MORUMBIS;60000
L'IMPERATRICE;04/11/2025;2025;AUDIO;2400
TASH SULTANA;05/11/2025;2025;AUDIO;3200
DAMIANO DAVID;07/11/2025;2025;TOKIO MARINE HALL;4000
LINKIN PARK;08/11/2025;2025;MORUMBIS;68000
MATUE;08/11/2025;2025;KOMPLEXO TEMPO;15000
BILLY IDOL;08/11/2025;2025;VIBRA SAO PAULO;7800
POPPY;08/11/2025;2025;MORUMBIS;68000
CPM 22;08/11/2025;2025;EXPO BARRA FUNDA;
CHASE ATLANTIC;09/11/2025;2025;SUHAI MUSIC HALL;8800
POLO & PAN;12/11/2025;2025;AUDIO;
MASSIVE ATTACK;13/11/2025;2025;ESPACO UNIMED;8000
JAMES;13/11/2025;2025;AUDIO;1500
ROBERTO CARLOS;14/11/2025;2025;SUHAI MUSIC HALL;9000
CAPITAL INICIAL;14/11/2025;2025;ESPACO UNIMED;8000
DUA LIPA;15/11/2025;2025;MORUMBIS;62000
ROBERTO CARLOS;15/11/2025;2025;SUHAI MUSIC HALL;8800
CAPITAL INICIAL;15/11/2025;2025;ESPACO UNIMED;7500
MOLCHAT DOMA;15/11/2025;2025;TOKIO MARINE HALL;3900
BOYCE AVENUE;18/11/2025;2025;AUDIO;2800
SEU JORGE;18/11/2025;2025;ESPACO UNIMED;8000
DJONGA;19/11/2025;2025;ESPACO UNIMED;7700
OS GAROTIN;20/11/2025;2025;AUDIO;3200
TZ DA CORONEL;21/11/2025;2025;NEO QUIMICA ARENA;20000
ANDREA BOCELLI;21/11/2025;2025;MERCADO LIVRE ARENA PACAEMBU;24000
CHITAOZINHO & XORORO;21/11/2025;2025;ESPACO UNIMED;8000
CAIO LUCCAS;21/11/2025;2025;NEO QUIMICA ARENA;20000
ALEE;21/11/2025;2025;NEO QUIMICA ARENA;20000
OASIS;22/11/2025;2025;MORUMBIS;66000
ANDREA BOCELLI;22/11/2025;2025;MERCADO LIVRE ARENA PACAEMBU;24000
CHITAOZINHO & XORORO;22/11/2025;2025;ESPACO UNIMED;8000
KAASH PAIGE;22/11/2025;2025;NEO QUIMICA ARENA;21000
MAJOR RD;22/11/2025;2025;NEO QUIMICA ARENA;21000
MATUE;23/11/2025;2025;NEO QUIMICA ARENA;0
OASIS;23/11/2025;2025;MORUMBIS;66000
YOUNG THUG;23/11/2025;2025;NEO QUIMICA ARENA;0
MC LIVINHO;23/11/2025;2025;SUHAI MUSIC HALL;8500
MC HARIEL;23/11/2025;2025;SUHAI MUSIC HALL;8500
SKEPTA;23/11/2025;2025;NEO QUIMICA ARENA;0
YUNK VINO;23/11/2025;2025;NEO QUIMICA ARENA;0
