Capacidade,Categoria_Local,Tipo_Espaco,Latitude,Longitude,nome_local
2000.0,MEDIAS CASAS,TEATRO E CASA DE ESPETACULOS,-23.5708,-46.6403,CENTRO CULTURAL SAO PAULO
2500.0,MEDIAS CASAS,CENTRO DE EXPOSICOES,-23.5522,-46.6594,CENTRO DE EVENTOS SAO LUIS
2500.0,MEDIAS CASAS,CASA DE SHOWS,-23.51611,-46.64320,SAMBODRAMO ANHEMBI
3000.0,MEDIAS CASAS,CASA DE SHOWS,-23.57034,-46.60027,KOMPLEXO TEMPO
3000.0,MEDIAS CASAS,CASA DE SHOWS,-23.59208,-46.47236,ESPACO LESTE MUSIC
3000.0,MEDIAS CASAS,CENTRO DE EXPOSICOES,-23.5520,-46.6790,CENTRO DE CONVENCOES REBOUCAS
3000.0,MEDIAS CASAS,ESTADIO MULTIUSO,-23.5452934,-46.4742864,ARENA XP
3000.0,MEDIAS CASAS,CENTRO DE EXPOSICOES,-23.4521,-46.8434,EXPO ALPHAVILLE
3200.0,MEDIAS CASAS,CASA DE SHOWS,-23.5237,-46.6551,AUDIO CLUB
3200.0,MEDIAS CASAS,CASA DE SHOWS,-23.52822,-46.66968,AUDIO
3800.0,MEDIAS CASAS,CENTRO DE EXPOSICOES,-23.5538,-46.6493,CENTRO DE CONVENCOES FREI CANECA
4000.0,MEDIAS CASAS,CASA DE SHOWS,-23.6383,-46.7203,TOKIO MARINE HALL
4000.0,MEDIAS CASAS,CASA DE SHOWS,-23.602102,-46.687800,TOM BRASIL
4000.0,MEDIAS CASAS,CASA DE SHOWS,-23.5160,-46.5070,ARENA SERTANEJA
5000.0,MEDIAS CASAS,CENTRO DE EVENTOS,-23.4764,-46.6865,CENTRO DE EVENTOS PRO MAGNO
5000.0,MEDIAS CASAS,CENTRO DE EVENTOS,-23.52699,-46.66954,EXPO BARRA FUNDA
5000.0,MEDIAS CASAS,CASA DE SHOWS,-23.4723,-46.6299,CENTRO DE TRADICOES NORDESTINAS
5000.0,MEDIAS CASAS,CENTRO DE EXPOSICOES,-23.6591,-46.6358,EXPO IMIGRANTES
5000.0,MEDIAS CASAS,TEATRO E CASA DE ESPETACULOS,-23.5021,-46.7142,ARENA VILLA LOBOS
5000.0,MEDIAS CASAS,CENTRO DE EXPOSICOES,-23.5221,-46.6910,CENTRO DE EVENTOS ARCA
5000.0,MEDIAS CASAS,CENTRO DE EVENTOS,-23.6591,-46.6358,EXPO SAO PAULO
5000.0,MEDIAS CASAS,AREA EXTERNA PARA EVENTOS,-23.7073,-46.6943,ARENA INTERLAGOS
5000.0,MEDIAS CASAS,AREA EXTERNA PARA EVENTOS,-23.50318,-46.62131,PARQUE DA JUVENTUDE
6000.0,MEDIAS CASAS,CASA DE SHOWS,-23.6463,-46.7763,TERRA SP
7000.0,MEDIAS CASAS,TEATRO E CASA DE ESPETACULOS,-23.6475,-46.7239,VIBRA SAO PAULO
8000.0,MEDIAS CASAS,CASA DE SHOWS,-23.52812,-46.66805,ESPACO UNIMED
8000.0,MEDIAS CASAS,CASA DE SHOWS,-23.5832,-46.6348,VILLA COUNTRY
8000.0,MEDIAS CASAS,AREA EXTERNA PARA EVENTOS,-23.5725,-46.4618,PARQUE DO CARMO
8000.0,MEDIAS CASAS,CASA DE SHOWS,-23.5156,-46.6820,ESPACO DAS AMERICAS
9000.0,MEDIAS CASAS,CASA DE SHOWS,-23.68026,-46.69805,SUHAI MUSIC HALL
10000.0,MEDIAS CASAS,GINASIO COBERTO,-23.57792595,-46.65613433,GINASIO DO IBIRAPUERA
10000.0,MEDIAS CASAS,CENTRO DE EXPOSICOES,-23.6069,-46.7005,TRANSAMERICA EXPO CENTER
10000.0,MEDIAS CASAS,ESTADIO MULTIUSO,-23.5269,-46.6531,CENTRO ESPORTIVO TIETE
10000.0,MEDIAS CASAS,ESTADIO MULTIUSO,-23.5181,-46.6853,ESTADIO NICOLAU ALAYON
10000.0,MEDIAS CASAS,ESTADIO MULTIUSO,-23.6862,-46.6225,ESTADIO MUNICIPAL DE DIADEMA
10000.0,MEDIAS CASAS,ESTADIO MULTIUSO,-23.44418,-46.52400,ARENA GUARULHOS
10000.0,MEDIAS CASAS,CENTRO DE EVENTOS,-23.57058,-46.70035,JOCKEY CLUB
10000.0,MEDIAS CASAS,CENTRO DE EVENTOS,-23.57058,-46.70035,HIPODROMO DA CIDADE JARDIM
10000.0,MEDIAS CASAS,CENTRO DE EXPOSICOES,-23.6069,-46.7005,PAVILHAO DO TRANSAMERICA EXPO CENTER
10000.0,MEDIAS CASAS,CENTRO DE EXPOSICOES,-23.6069,-46.7005,TRANSAMERICA EXPO CENTER
13000.0,MEDIAS CASAS,ESTADIO MULTIUSO,-23.5875,-46.6607,ESTADIO ICARO DE CASTRO MELO
15000.0,GRANDES CASAS,AREA EXTERNA PARA EVENTOS,-23.5274091,-46.6656539,MEMORIAL DA AMERICA LATINA
15000.0,GRANDES CASAS,AREA EXTERNA PARA EVENTOS,-23.6634,-46.5688,ESTANCIA ALTO DA SERRA
15000.0,GRANDES CASAS,ESTADIO MULTIUSO,-23.5213,-46.1859,ESTADIO MUNICIPAL DE MOGI DAS CRUZES
16000.0,GRANDES CASAS,ESTADIO MULTIUSO,-23.6301,-46.5599,ESTADIO ANACLETO CAMPANELLA
18000.0,GRANDES CASAS,ESTADIO MULTIUSO,-23.6694,-46.5092,ESTADIO BRUNO JOSE DANIEL
20000.0,GRANDES CASAS,ESTADIO MULTIUSO,-23.5363,-46.6428,ESTADIO CANINDE
20000.0,GRANDES CASAS,ESTADIO MULTIUSO,-23.6999,-46.5564,ESTADIO PRIMEIRO DE MAIO
20000.0,GRANDES CASAS,ESTADIO MULTIUSO,-23.5395,-46.7876,ESTADIO JOSE LIBERATTI
21000.0,GRANDES CASAS,ESTADIO MULTIUSO,-23.52019,-46.61875,ESTADIO DO CANINDE
25000.0,GRANDES CASAS,CENTRO DE EXPOSICOES,-23.5130,-46.6237,EXPO CENTER NORTE
30000.0,GRANDES CASAS,AREA EXTERNA PARA EVENTOS,-23.51611,-46.64320,ARENA ANHEMBI
30000.0,GRANDES CASAS,ESTADIO MULTIUSO,-23.5131,-46.8994,ARENA BARUERI
35000.0,GRANDES CASAS,CENTRO DE EVENTOS,-23.50983,-46.64055,ANHEMBI PARQUE
35000.0,GRANDES CASAS,AREA EXTERNA PARA EVENTOS,-23.51611,-46.64320,DISTRITO ANHEMBI
35000.0,GRANDES CASAS,AREA EXTERNA PARA EVENTOS,-23.54429,-46.63623,NOVO ANHANGABAU
35000.0,GRANDES CASAS,AREA EXTERNA PARA EVENTOS,-23.54429,-46.63623,VALE DO ANHANGABAU
35000.0,GRANDES CASAS,AREA EXTERNA PARA EVENTOS,-23.51611,-46.64320,ANHEMBI
40000.0,ARENAS E ESTADIOS,ESTADIO MULTIUSO,-23.54825,-46.66580,ESTADIO DO PACAEMBU
40000.0,ARENAS E ESTADIOS,ESTADIO MULTIUSO,-23.5486,-46.6651,MERCADO LIVRE ARENA PACAEMBU
40000.0,ARENAS E ESTADIOS,ESTADIO MULTIUSO,-23.54825,-46.66580,MERCADO LIVRE ARENA DO PACAEMBU
45000.0,ARENAS E ESTADIOS,ESTADIO MULTIUSO,-23.5276207,-46.6784662,ALLIANZ PARQUE
49000.0,ARENAS E ESTADIOS,ESTADIO MULTIUSO,-23.54534,-46.47476,NEO QUIMICA ARENA
67000.0,ARENAS E ESTADIOS,ESTADIO MULTIUSO,-23.600089,-46.720090,ESTADIO DO MORUMBI
67000.0,ARENAS E ESTADIOS,ESTADIO MULTIUSO,-23.60077,-46.72010,MORUMBIS
67000.0,ARENAS E ESTADIOS,ESTADIO MULTIUSO,-23.60077,-46.72010,ESTADIO MORUMBIS
100000.0,ARENAS E ESTADIOS,CENTRO DE EXPOSICOES,-23.64595,-46.62967,SAO PAULO EXPO
100000.0,ARENAS E ESTADIOS,AREA EXTERNA PARA EVENTOS,-23.5079,-46.6379,SAMBODROMO DO ANHEMBI
100000.0,ARENAS E ESTADIOS,AREA EXTERNA PARA EVENTOS,-23.7000,-46.6972,AUTODROMO DE INTERLAGOS
